Company name,Segment,Type,Website,Growth stage,Launch year,Employees,Industries,HQ city,HQ address,Tagline,LinkedIn,Profile,Job openings,Total funding (AUD),Status,Sponsor visa available,Hires international students
1receipt,startup,big data;mobile app;machine learning;artificial intelligence;subscription;saas,https://www.1receipt.io,early stage,2019,2-10,fintech;marketing,Melbourne,"Victoria Street, Carlton, Melbourne, City of Melbourne, Victoria, 3053, Australia","The first true contactless platform for issuing, collecting and managing shopping receipts",https://www.linkedin.com/company/1receipt/,https://ecosystem.innovationvictoria.com/companies/1receipt,1,205107,operational,,
2cloudnine,scaleup,big data;mobile app;subscription;saas,http://2cloudnine.com,breakout stage,2009,51-200,health;enterprise software,Melbourne,"40, Albert Road, 3205 Melbourne, Australia",Payroll and Billing applications built on Salesforce for Staffing and Healthcare Sectors,https://www.linkedin.com/company/2cloudnine/,https://ecosystem.innovationvictoria.com/companies/2cloudnine,3,7500001,operational,,
360BioLabs,scaleup,,https://www.360biolabs.com/,breakout stage,2015,51-200,health,Melbourne,"85, Commercial Road, 3004 Melbourne, Australia",360biolabs · Quality-assured virology and immunology services,https://www.linkedin.com/company/360biolabs/,https://ecosystem.innovationvictoria.com/companies/360biolabs,13,,acquired,,
776BC,scaleup,selling own inventory;manufacturing,http://776bc.com,early stage,2012,11-50,fashion;sports,Melbourne,"232 York Street, South Melbourne, VIC 3205, AU","Working with the world's best athletes to create a range of specialized performance kit that stands up to the toughest training programs to go further on the track, road, or water",https://www.linkedin.com/company/776bc/,https://ecosystem.innovationvictoria.com/companies/776bc,1,,operational,,
8squad,startup,subscription;saas,https://www.8squad.com.au,breakout stage,2019,51-200,marketing,Melbourne,"3006 Melbourne, Australia",A high calibre partner focused on its people and their high-performance commitment to delivering outstanding outcomes to customers,https://www.linkedin.com/company/8squad/,https://ecosystem.innovationvictoria.com/companies/8squad,2,,operational,,
Able Foods,startup,commission;marketplace & ecommerce,http://ablefoods.com.au,early stage,2019,11-50,food,Melbourne,"Melbourne, City of Melbourne, Victoria, Australia",Ready-made meals for NDIS and aged care.,https://www.linkedin.com/company/able-foods/,https://ecosystem.innovationvictoria.com/companies/able_foods,1,,operational,,
Acorn Recruitment,,,https://acornbysynergie.com,breakout stage,1992,201-500,jobs recruitment,Melbourne,"3015 Melbourne, Australia",Multi-specialist recruitment firm placing people into work across the uk,https://www.linkedin.com/company/acorn-recruitment,https://ecosystem.innovationvictoria.com/companies/acorn_recruitment,5,,operational,,
Acquire AI,scaleup,selling own inventory;saas,http://acquire.ai,early stage,2006,2-10,enterprise software,Melbourne,"10 Queens Road, 10, Queens Road, Melbourne, City of Port Phillip, Victoria, 3004, Australia","AI-driven BPO solutions offering end-to-end consultancy, design, and implementation with a vendor-agnostic model",https://www.linkedin.com/company/acquire-ai/,https://ecosystem.innovationvictoria.com/companies/acquire_1_1,75,,operational,,
Acusensus,startup,autonomous & sensor tech;artificial intelligence;selling own inventory;manufacturing,https://www.acusensus.com/,breakout stage,2018,51-200,transportation,Melbourne,"Nossal Institute, 333, Exhibition Street, Melbourne, Carlton, Melbourne, City of Melbourne, Victoria, 3000, Australia",AI-based traffic enforcement solutions,https://www.linkedin.com/company/acusensus/,https://ecosystem.innovationvictoria.com/companies/acusensus,12,69913,operational,,
Ada Engineering,startup,manufacturing,http://adaengineering.com.au,early stage,2021,2-10,transportation,Melbourne,"Flemington, Melbourne, City of Melbourne, Victoria, Australia",Specialising in Rolling Stock Engineering Managing Risk || Solving Problems || Telling Stories,https://www.linkedin.com/company/adaeng/,https://ecosystem.innovationvictoria.com/companies/ada_engineering,1,,operational,,
Adore Beauty,,,http://www.adorebeauty.com.au,breakout stage,2000,51-200,wellness beauty;fashion,Melbourne,"421 High St, Northcote, Victoria 3070, AU",Adore Beauty | Australia's Online Beauty Store,https://www.linkedin.com/company/adorebeauty-com-au/,https://ecosystem.innovationvictoria.com/companies/adore_beauty,2,,operational,,
Advatek,scaleup,selling own inventory;manufacturing,http://advateklighting.com,early stage,2012,11-50,semiconductors,Melbourne,"4/3-5, Gilda Court, Mulgrave, Melbourne, City of Monash, Victoria, 3170, Australia",Advanced pixel controllers for professional LED lighting.,https://www.linkedin.com/company/advateklighting,https://ecosystem.innovationvictoria.com/companies/advatek,1,,operational,,
Adxl,startup,advertising;saas,http://adxl.ai,early stage,2022,11-50,marketing,Melbourne,"447, Collins Street, Melbourne, City of Melbourne, Victoria, 3000, Australia","AI Automated Google Facebook LinkedIn TikTok Instagram Twitter Ad Campaign create, distribute, and manage with targeting and retargeting delivering results beyond human limits",https://www.linkedin.com/company/adxlai/,https://ecosystem.innovationvictoria.com/companies/adxl_1,1,,operational,,
Agemate,startup,commission;manufacturing,http://agemate.com,early stage,2022,11-50,wellness beauty,Melbourne,"Gwynne Street, Cremorne, Melbourne, City of Yarra, Victoria, 3121, Australia",Nutrition to Reverse your Biological Age,https://www.linkedin.com/company/agemate/,https://ecosystem.innovationvictoria.com/companies/agemate,9,,operational,,
AIM,startup,deep tech;artificial intelligence;selling own inventory;manufacturing,http://aimdefence.com,early stage,2017,11-50,security;semiconductors,Melbourne,"Derrimut, Melbourne, City of Brimbank, Victoria, 3026, Australia",AIM builds ultra-compact high-power laser systems with the most advanced AI tracking in the world,https://www.linkedin.com/company/aim-defence/,https://ecosystem.innovationvictoria.com/companies/aimdefence,4,,operational,,
Air Aroma,,advertising;manufacturing,https://air-aroma.com,breakout stage,1998,51-200,fashion,Melbourne,"Cheltenham, Caulfield-Frankston Rail Trail, Pennydale, Cheltenham, Melbourne, City of Bayside, Victoria, 3192, Australia",Scent marketing solutions creating custom fragrances and aroma diffuser systems for luxury brands and diverse industries,https://www.linkedin.com/company/air-aroma-group/,https://ecosystem.innovationvictoria.com/companies/air_aroma,5,100001,operational,,
Alcidion,,commission;saas,https://www.alcidion.com/,breakout stage,2000,51-200,health;enterprise software,Melbourne,"Yarra Street, South Yarra, Melbourne, City of Stonnington, Victoria, 3141, Australia",A leading provider of software solutions for high performance healthcare that empower clinicians with decision support tools to ensure the highest quality of care for their patient,https://www.linkedin.com/company/alcidion-corporation,https://ecosystem.innovationvictoria.com/companies/alcidion,2,18668183,operational,,
ALFA PTE & NAATI,startup,,http://alfapte.com,early stage,2019,11-50,education,Melbourne,"Melbourne, Australia",ALFAPTE - Best PTE Practice Webiste with AI Scoring & Tutorials | Online PTE Coaching,https://www.linkedin.com/company/alfapte/,https://ecosystem.innovationvictoria.com/companies/alfa_pte_naati,2,,operational,,
Allkinds,startup,selling own inventory;manufacturing,http://allkinds.com,breakout stage,2021,51-200,wellness beauty,Melbourne,"425 St Kilda Rd, Melbourne, Victoria 3004, AU","A new world of self-care and self-expression, just for kids and teens",https://www.linkedin.com/company/all-kinds/,https://ecosystem.innovationvictoria.com/companies/allkinds,1,,operational,,
Alpha-H,,selling own inventory;marketplace & ecommerce,https://alpha-h.com/,early stage,1995,11-50,wellness beauty,Melbourne,"Melbourne, City of Melbourne, Victoria, Australia",Manufactures corrective and preventative skincare products,https://www.linkedin.com/company/alpha-h/,https://ecosystem.innovationvictoria.com/companies/alpha_h,3,,operational,,
AmazingCo,startup,,http://amazingco.me,breakout stage,2017,51-200,event tech,Melbourne,"Mollison Street, Abbotsford, Melbourne, City of Yarra, Victoria, 3067, Australia","Experiences platform, helping people spend their free time in a way that leads to greater fulfilment in life",https://www.linkedin.com/company/amazingco/,https://ecosystem.innovationvictoria.com/companies/amazingco,20,7749091,operational,,
Amber Electric,startup,commission;marketplace & ecommerce,https://www.amber.com.au/,breakout stage,2017,201-500,energy,Melbourne,"1, 207-361, Flinders Street, Melbourne, City of Melbourne, Victoria, 3000, Australia",An energy provider with a mission to shift Aus to 100% renewables faster,https://www.linkedin.com/company/amberelectric/,https://ecosystem.innovationvictoria.com/companies/amber_electric,9,154242183,operational,,
Andisor,startup,commission;marketplace & ecommerce;saas,https://andisor.com,early stage,2021,11-50,fashion;enterprise software,Melbourne,"120, Spencer Street, Melbourne, City of Melbourne, Victoria, 3000, Australia","Curated B2B marketplace, connecting global brands with Australian retailers",https://www.linkedin.com/company/andisorinc/,https://ecosystem.innovationvictoria.com/companies/andisor,1,1199999,operational,,
Andromeda Robotics,startup,artificial intelligence;hardware;deep tech;machine learning;natural language processing;computer vision;autonomous & sensor tech;recognition technology;selling own inventory;manufacturing,https://andromedarobotics.ai,breakout stage,2022,11-50,robotics,Melbourne,"Hawthorn, Melbourne, City of Boroondara, Victoria, 3122, Australia",Exploring the frontiers of human-robot interaction and designing the next generation of companion robots,https://www.linkedin.com/company/andromedarobotics/,https://ecosystem.innovationvictoria.com/companies/andromeda_,2,27120000,operational,,
Angle Finance,startup,commission,http://anglefinance.com.au,breakout stage,2019,51-200,fintech;transportation,Melbourne,"360, Collins Street, East End Theatre District, Melbourne, City of Melbourne, Victoria, 3000, Australia","Secured finance for commercial vehicles and equipment, featuring rapid online qualification and transparent fees for Australian businesses",https://www.linkedin.com/company/angle-finance/,https://ecosystem.innovationvictoria.com/companies/angle_finance,4,,operational,,
Aptella,scaleup,manufacturing,https://aptella.com,breakout stage,2008,201-500,robotics,Melbourne,"Enterprise Drive, University Hill Precinct, Bundoora, Melbourne, City of Whittlesea, Victoria, 3083, Australia",Automation and positioning technology for heavy industries,https://www.linkedin.com/company/aptella/,https://ecosystem.innovationvictoria.com/companies/aptella,2,,low-activity,,
Archa,startup,,http://www.archa.com.au/,early stage,2018,11-50,fintech;marketing,Melbourne,"401, Collins Street, 3000 Melbourne, Australia",A business credit card and spend management platform for small businesses and startups,https://www.linkedin.com/company/archamoney/,https://ecosystem.innovationvictoria.com/companies/archamoney,2,6181819,operational,,
Arkeus,startup,artificial intelligence;hardware;autonomous & sensor tech;recognition technology;commission;manufacturing,https://arkeus.com/,breakout stage,2020,51-200,transportation,Melbourne,"8, Rogers Street, Port Melbourne, Melbourne, City of Melbourne, Victoria, 3207, Australia","AI-powered hardware for autonomous drones and aircraft, enhancing ISR missions with advanced optics and autonomy",https://www.linkedin.com/company/arkeus-sensors/,https://ecosystem.innovationvictoria.com/companies/arkeus,14,47026364,operational,,
Assembly Four,startup,,http://assemblyfour.com,early stage,2017,2-10,legal,Melbourne,"Spencer St, Melbourne, Victoria AU",Empowering Sex Workers through Technology,https://www.linkedin.com/company/assemblyfour/,https://ecosystem.innovationvictoria.com/companies/assembly_four,6,,operational,,
Atticus Tech,startup,,http://www.atticus.tech,breakout stage,2017,51-200,legal;fintech,Melbourne,"333, Exhibition Street, 3004 Melbourne, Australia","Atticus provides law firms and their clients with a platform they need to complete verifications securely, efficiently and accurately",https://www.linkedin.com/company/atticustech/,https://ecosystem.innovationvictoria.com/companies/atticus_tech,3,10820000,operational,,
AutoGrab,startup,commission;marketplace & ecommerce;saas,http://autograb.com.au,breakout stage,2020,51-200,transportation,Melbourne,"Melbourne, City of Melbourne, Victoria, Australia",Provides an unprecedented look into the entire automotive market,https://www.linkedin.com/company/autograb/,https://ecosystem.innovationvictoria.com/companies/autograb,10,85000000,operational,,
Axxin,scaleup,marketplace & ecommerce,http://www.axxin.com,early stage,2006,11-50,health,Melbourne,"582, Heidelberg Road, Alphington, Melbourne, City of Yarra, Victoria, 3078, Australia","Axxin provides platforms and diagnostic products for biomedical applications that bridge the gap from research to market with world leading innovation, capability and cost effectiveness",https://www.linkedin.com/company/axxin/,https://ecosystem.innovationvictoria.com/companies/axxin,1,,operational,,
Balance Internet,scaleup,subscription;saas,https://balanceinternet.com.au,breakout stage,2008,51-200,enterprise software,Melbourne,"Rupert Street, Collingwood, Melbourne, City of Yarra, Victoria, 3066, Australia",Intelligent. Creative. Results,https://www.linkedin.com/company/balance-internet/,https://ecosystem.innovationvictoria.com/companies/balance_internet,1,,operational,,
Balo,startup,artificial intelligence;big data;machine learning;deep learning;natural language processing;mobile app;subscription;commission;saas;marketplace & ecommerce,https://balo.expert,early stage,2024,11-50,jobs recruitment,Melbourne,"Aquavista, 401, Docklands Drive, Docklands, Melbourne, City of Melbourne, Victoria, 3008, Australia",24/7 Enterprise Software Help Desk powered by the Top 1% of Experts globally,https://www.linkedin.com/company/balo/,https://ecosystem.innovationvictoria.com/companies/balo,1,942001,operational,,
Banjo,scaleup,marketplace & ecommerce,http://banjoloans.com,breakout stage,2014,51-200,fintech,Melbourne,"561, Church Street, Richmond, Melbourne, City of Yarra, Victoria, 3121, Australia",An online lender providing secured and unsecured loans to small businesses,https://www.linkedin.com/company/banjo-loans/,https://ecosystem.innovationvictoria.com/companies/banjo_1,3,4999999,operational,,
Bare,startup,mobile app;commission;marketplace & ecommerce,https://bare.com.au/,breakout stage,2019,51-200,legal;event tech,Melbourne,"Melbourne, City of Melbourne, Victoria, Australia","The new way to funeral, making the end-of-life process simpler, personalised and affordable than traditional funerals",https://www.linkedin.com/company/bare-funerals-and-cremations/,https://ecosystem.innovationvictoria.com/companies/bare_australia,7,19895454,operational,,
Bared Trading Pty Ltd,scaleup,marketplace & ecommerce,https://baredfootwear.com,breakout stage,2008,51-200,fashion,Melbourne,"Melbourne Airport, Mercer Drive, Melbourne Airport, Melbourne, City of Hume, Victoria, 3045, Australia",It's Your Turn To Experience The Bared Difference,https://www.linkedin.com/company/bared-footwear/,https://ecosystem.innovationvictoria.com/companies/bared_trading_pty_ltd,5,,operational,,
Beevo,scaleup,saas,http://beevo.com.au,early stage,2013,11-50,energy,Melbourne,"Gwynne Street, Cremorne, Melbourne, City of Yarra, Victoria, 3121, Australia","Business utility management solutions, simplifying connections, negotiating supplier deals, and providing ongoing support at no cost",https://www.linkedin.com/company/beevo123/,https://ecosystem.innovationvictoria.com/companies/beevo_1,2,,operational,,
Bellroy,scaleup,selling own inventory;manufacturing,http://bellroy.com,breakout stage,2010,51-200,fashion,Melbourne,"3065 Melbourne, Australia","Constantly pursuing better ways to source the leathers, reduce the impact on the environment and make sure the products last as long as possible",https://www.linkedin.com/company/bellroy/,https://ecosystem.innovationvictoria.com/companies/bellroy,10,772727,operational,,
Belong,scaleup,subscription,http://belong.com.au,breakout stage,2013,201-500,telecom,Melbourne,"Melbourne, Victoria 3000, AU",Belong | nbn™ broadband internet and SIM only plans.,https://www.linkedin.com/company/belong.com.au/,https://ecosystem.innovationvictoria.com/companies/belong_1_2,1,,operational,,
Beyondev,startup,selling own inventory;marketplace & ecommerce,http://beyondev.com.au,early stage,2021,2-10,energy,Melbourne,"St Kilda Road, St Kilda, Melbourne, City of Port Phillip, Victoria, 3182, Australia","World-class quality, high value and quick implementation",https://www.linkedin.com/company/beyond-ev/,https://ecosystem.innovationvictoria.com/companies/beyondev,1,,operational,,
Biarri Networks Pty,scaleup,deep tech;machine learning;artificial intelligence;subscription,http://biarrinetworks.com,breakout stage,2008,51-200,telecom;transportation,Melbourne,"3000 Melbourne, Australia","Biarri combines machine learning, optimisation, operations research with powerful software to plan and design optimised networks",https://www.linkedin.com/company/biarrinetworks/,https://ecosystem.innovationvictoria.com/companies/biarri_networks_pty,4,,operational,,
Bigdatr,scaleup,big data;saas,http://bigdatr.com,early stage,2014,11-50,marketing;enterprise software,Melbourne,"Dorcas Street, South Melbourne, Melbourne, City of Port Phillip, Victoria, 3205, Australia",BigDatr: A beautiful way to track advertising campaigns - BigDatr,https://www.linkedin.com/company/bigdatr/,https://ecosystem.innovationvictoria.com/companies/bigdatr,1,,operational,,
Billi Australia,,manufacturing,https://www.billi.com.au/,early stage,1990,51-200,energy;engineering and manufacturing equipment,Melbourne,"Thomastown, Melbourne, City of Whittlesea, Victoria, 3074, Australia",,https://www.linkedin.com/company/billi-pty-ltd/,https://ecosystem.innovationvictoria.com/companies/billi_australia,2,,acquired,,
Billy Bubbles,startup,selling own inventory;marketplace & ecommerce,http://billybubbles.com,early stage,2020,2-10,food,Melbourne,"Melbourne, City of Melbourne, Victoria, Australia","Eco-friendly home delivery service swapping empty gas cylinders for full ones, compatible with major soda makers",https://www.linkedin.com/company/billy-bubbles/,https://ecosystem.innovationvictoria.com/companies/billy_bubbles,1,22999,operational,,
Black.ai,scaleup,autonomous & sensor tech;big data;deep tech;machine learning;iot internetofthings;3d technology;artificial intelligence;computer vision;commission;saas,http://black.ai/,early stage,2015,11-50,enterprise software,Melbourne,"55;53, Victoria Street, Fitzroy, Melbourne, City of Yarra, Victoria, 3065, Australia",A cutting edge research and development start up in the artificial intelligence space,https://www.linkedin.com/company/black-ai/,https://ecosystem.innovationvictoria.com/companies/black_ai,14,9336364,operational,,
Blinq,startup,mobile app;subscription;saas,http://blinq.me/,breakout stage,2017,51-200,event tech;enterprise software,Melbourne,"Bank Place, Melbourne, City of Melbourne, Victoria, 3000, Australia",Blinq digital business cards,https://www.linkedin.com/company/blinq-me/,https://ecosystem.innovationvictoria.com/companies/blinq,9,43699999,operational,,
BoardOutlook,startup,subscription;saas,https://boardoutlook.com,early stage,2018,11-50,enterprise software,Melbourne,"Melbourne, City of Melbourne, Victoria, Australia",A platform for board performance,https://www.linkedin.com/company/boardoutlook/,https://ecosystem.innovationvictoria.com/companies/boardoutlook,1,500001,operational,,
Booked AI,startup,artificial intelligence;mobile app;subscription;saas,https://www.booked.ai,early stage,2023,11-50,travel,Melbourne,"Melbourne, City of Melbourne, Victoria, Australia","AI-powered travel assistant streamlining bookings with personalized, secure, and cost-effective solutions",https://www.linkedin.com/company/booked-ai/,https://ecosystem.innovationvictoria.com/companies/booked_ai,1,,operational,,
Booqyy,startup,commission;saas,https://lockii.app,early stage,2025,2-10,transportation,Melbourne,"Melbourne, City of Melbourne, Victoria, Australia",Automated self-service rental software for contactless pickups,https://www.linkedin.com/company/lockii/,https://ecosystem.innovationvictoria.com/companies/booqyy,3,120000,operational,,
BowerBird App,startup,saas,http://www.bowerbird.io,early stage,2016,11-50,enterprise software,Melbourne,"Juno Creative, 36-38, Gipps Street, Collingwood, Melbourne, City of Yarra, Victoria, 3066, Australia",Platform connecting architects and journalists,https://www.linkedin.com/company/bowerbird-app/,https://ecosystem.innovationvictoria.com/companies/bowerbird_app,1,,operational,,
Breadcrumb,startup,subscription;saas,http://breadcrumb.co,breakout stage,2020,51-200,real estate;enterprise software,Melbourne,"Gwynne Street, Cremorne, Melbourne, City of Yarra, Victoria, 3121, Australia",AI-powered safety and compliance management for construction,https://www.linkedin.com/company/breadcrumbhq/,https://ecosystem.innovationvictoria.com/companies/breadcrumb_4,7,,operational,,
Buildkite,scaleup,subscription;saas,http://buildkite.com,breakout stage,2014,51-200,enterprise software,Melbourne,"Brunswick Street, Fitzroy, Melbourne, City of Yarra, Victoria, 3065, Australia",Creates the best automation and collaboration tools for building and shipping software,https://www.linkedin.com/company/buildkite/,https://ecosystem.innovationvictoria.com/companies/buildkite,8,60763636,operational,,
BuildPass,startup,recognition technology;subscription;saas,https://buildpass.ai,breakout stage,2021,51-200,enterprise software,Melbourne,"Cremorne Street, Cremorne, Abbotsford, Melbourne, City of Yarra, Victoria, 3121, Australia",Construction safety software for businesses of all sizes,https://www.linkedin.com/company/buildpass/,https://ecosystem.innovationvictoria.com/companies/buildpass,5,7500001,operational,,
Buildsafe,,commission;manufacturing,http://buildsafe.net.au,breakout stage,2001,201-500,real estate,Melbourne,"Arundel Creek, Melbourne Airport, Melbourne, City of Hume, Victoria, 3045, Australia","Height safety solutions for the construction industry, focusing on risk elimination through product design and engineering",https://www.linkedin.com/company/buildsafe-australia/,https://ecosystem.innovationvictoria.com/companies/buildsafe,13,,operational,,
Buzz Products,,,https://www.buzzproducts.com/,breakout stage,1999,201-500,travel;fashion,Melbourne,"Melbourne, City of Melbourne, Victoria, Australia",,https://www.linkedin.com/company/buzz-products/,https://ecosystem.innovationvictoria.com/companies/buzz_products,13,,operational,,
Cadmus,scaleup,commission;marketplace & ecommerce,http://cadmus.io,breakout stage,2015,51-200,education,Melbourne,"3053 Melbourne, Australia",Online written assessment platform for higher education,https://www.linkedin.com/company/cadmus-io/,https://ecosystem.innovationvictoria.com/companies/vericus,7,600000,operational,,
calld.ai,startup,artificial intelligence;subscription;saas,https://calldai.com,early stage,2024,2-10,enterprise software,Melbourne,"Melbourne, City of Melbourne, Victoria, Australia",AI-powered virtual agents for contact center engagement,https://www.linkedin.com/company/calldai/,https://ecosystem.innovationvictoria.com/companies/calld_ai,2,,operational,,
Campuslife,startup,subscription,http://campuslife.com.au,early stage,2021,11-50,jobs recruitment,Melbourne,"Rupert Street, Collingwood, Melbourne, City of Yarra, Victoria, 3066, Australia",Get the job you want,https://www.linkedin.com/company/campuslifeaus/,https://ecosystem.innovationvictoria.com/companies/campuslife,1,,operational,,
Cann Group,scaleup,commission;manufacturing,http://canngrouplimited.com,breakout stage,2015,51-200,health,Melbourne,"3149 Melbourne, Australia",Developing medicinal cannabis products to improve quality of life for Australian patients,https://www.linkedin.com/company/cann-group/,https://ecosystem.innovationvictoria.com/companies/cann_group,1,,operational,,
Capa Intelligence,startup,big data;subscription;saas,http://capaintelligence.com,early stage,2022,2-10,security;energy,Melbourne,"Easey's, 48, Easey Street, Collingwood, Melbourne, City of Yarra, Victoria, 3066, Australia",Cybersecurity intelligence for renewable energy grids.,https://www.linkedin.com/company/capaintelligence/,https://ecosystem.innovationvictoria.com/companies/capa_intelligence,1,,operational,,
Car Group,,commission;marketplace & ecommerce,https://cargroup.com/,late stage,1997,501-1000,transportation,Melbourne,"Punt Road, Cremorne, Melbourne, City of Yarra, Victoria, 3121, Australia",Global digital marketplaces for automotive and industrial assets.,https://www.linkedin.com/company/car-group/,https://ecosystem.innovationvictoria.com/companies/car_group,5,,operational,,
CarePage,scaleup,big data;marketplace & ecommerce;saas,http://www.carepage.com.au,early stage,2014,2-10,health;home living,Melbourne,"114, Flinders Street, 3000 Melbourne, Australia","Aged Care Directory, ratings and customer experience dashboard SaaS",https://www.linkedin.com/company/carepageau,https://ecosystem.innovationvictoria.com/companies/carepage,1,,operational,,
Cartherics,scaleup,commission;manufacturing,http://cartherics.com,breakout stage,2014,11-50,health,Melbourne,"3168 Melbourne, Australia",Developing the next generation of improved and optimized chimeric antigen receptor CAR-T cell products,https://www.linkedin.com/company/cartherics-pty-ltd/,https://ecosystem.innovationvictoria.com/companies/cartherics,7,24383636,operational,,
CentrePal,startup,artificial intelligence;subscription;saas,http://centrepal.com,early stage,2021,11-50,enterprise software,Melbourne,"Melbourne, City of Melbourne, Victoria, Australia",AI-powered omnichannel contact center for Microsoft Teams,https://www.linkedin.com/company/centrepal/,https://ecosystem.innovationvictoria.com/companies/centrepal,2,,operational,,
Chronicle,startup,subscription;saas,http://chronicle.rip,breakout stage,2016,51-200,enterprise software,Melbourne,"Melbourne, Australia","Chronicle is a Simple Cemetery Software Designed To Help Cemeteries Organize Records, Mapping Plots Accurately & Build Better Engagement",https://www.linkedin.com/company/chroniclesoftware/,https://ecosystem.innovationvictoria.com/companies/chronicle_1_6,3,,operational,,
Cipher Sports Technology Group,startup,machine learning;artificial intelligence;commission;saas,http://ciphersports.io,early stage,2021,11-50,gaming,Melbourne,"Melbourne, City of Melbourne, Victoria, Australia",Powered by advanced analytics that drive the machine learning models developed by team of data scientists,https://www.linkedin.com/company/ciphersports/,https://ecosystem.innovationvictoria.com/companies/cipher_sports_technology_group,1,4999999,operational,,
CitoPlus,startup,commission;saas,http://citoplus.com.au,early stage,2021,11-50,fintech,Melbourne,"Melbourne, City of Melbourne, Victoria, Australia","Enabling more SME's to obtain the right funding, faster",https://www.linkedin.com/company/citoplus/,https://ecosystem.innovationvictoria.com/companies/citoplus,2,,operational,,
Clear21,,subscription;saas,https://clear21.com/,breakout stage,1990,51-200,transportation,Melbourne,"Mulgrave, Melbourne, City of Monash, Victoria, 3170, Australia",SaaS solutions for the automotive repair industry,https://www.linkedin.com/company/clear21/,https://ecosystem.innovationvictoria.com/companies/clear21,7,,operational,,
Clevero,startup,commission;saas,http://clevero.co,early stage,2020,11-50,marketing;enterprise software,Melbourne,"Malvern East, Melbourne, City of Stonnington, Victoria, Australia",Clevero offers CRM & Business Management Solutions for Small Business,https://www.linkedin.com/company/cleverohq/,https://ecosystem.innovationvictoria.com/companies/clevero_1,2,,operational,,
Click Frenzy,scaleup,,http://clickfrenzy.com.au,early stage,2012,2-10,fashion;event tech,Melbourne,"3149 Melbourne, Australia",Click Frenzy is Australia’s first and most recognised national online mega-sale event,https://www.linkedin.com/company/click-frenzy/,https://ecosystem.innovationvictoria.com/companies/click_frenzy,3,,acquired,,
Clipboard Hospitality,startup,big data;subscription;saas,https://www.clipboardhospo.com/,early stage,2018,2-10,health;jobs recruitment,Melbourne,"Prahran, Melbourne, City of Stonnington, Victoria, 3181, Australia",A professional networking platform for the hospitality community,https://www.linkedin.com/company/clipboardau/,https://ecosystem.innovationvictoria.com/companies/clipboard_hospitality,1,749999,operational,,
Co-Conspirators Brewing Company,startup,selling own inventory;marketplace & ecommerce,https://coconspirators.com.au,early stage,2016,2-10,food,Melbourne,"377, Victoria Street, Brunswick, Melbourne, City of Merri-bek, Victoria, 3056, Australia","Crafting unique beers with bold flavors, inspired by a passion for brewing and a commitment to quality",https://www.linkedin.com/company/coconspirators-brewing-company/,https://ecosystem.innovationvictoria.com/companies/co_conspirators_brewing_company,1,620000,operational,,
Compass Education,scaleup,subscription;saas,https://www.compass.education/,breakout stage,2009,201-500,education;enterprise software,Melbourne,"Heading Out, 74, Doncaster Road, Balwyn North, Melbourne, City of Boroondara, Victoria, 3104, Australia","Suite of software tools for schools to manage administrative tasks, schedules, and student data",https://www.linkedin.com/company/compasseducation/,https://ecosystem.innovationvictoria.com/companies/compass_education,9,60000001,operational,,
Computers Now,,commission,http://compnow.com.au,breakout stage,1991,201-500,education,Melbourne,"3168 Melbourne, Australia","CompNow providing sales, service and support across the technology spectrum",https://www.linkedin.com/company/comp-now/,https://ecosystem.innovationvictoria.com/companies/computers_now,10,,operational,,
Connective,,,http://www.connective.com.au,early stage,2003,201-500,fintech,Melbourne,"567, Collins Street, 3000 Melbourne, Australia",Mortgage Aggregator - Broker Software Platform | Connective,https://www.linkedin.com/company/connective-services/,https://ecosystem.innovationvictoria.com/companies/connective,5,,acquired,,
Contour Education,startup,,https://www.contoureducation.com.au/,breakout stage,2020,201-500,education,Melbourne,"Melbourne, City of Melbourne, Victoria, Australia",Tutoring ecosystem for VCE and high school students,https://www.linkedin.com/company/contoureducation/,https://ecosystem.innovationvictoria.com/companies/contour_education,62,,operational,,
Convincely,scaleup,deep tech;machine learning;recognition technology;artificial intelligence;subscription;saas,http://convincely.com,early stage,2015,11-50,marketing,Melbourne,"3000 Melbourne, Australia",Sentient AI platform that generates emotive language to drive user action,https://www.linkedin.com/company/convincely/,https://ecosystem.innovationvictoria.com/companies/convincely,1,,operational,,
Cor,startup,artificial intelligence;subscription;saas,https://getcor.ai,early stage,2024,2-10,marketing;enterprise software,Melbourne,"1-9, Sackville Street, Collingwood, Melbourne, City of Yarra, Victoria, 3066, Australia","Cor AI agents assist Customer Success teams by tracking customer signals from conversations, internal data, and online sources, turning these insights into timely actions that boost retention and foster growth",https://www.linkedin.com/company/cor-ai/,https://ecosystem.innovationvictoria.com/companies/cor_3,1,2000001,operational,,
Cortical Labs,startup,artificial intelligence;hardware;deep tech;machine learning;selling own inventory;manufacturing,https://corticallabs.com/,early stage,2019,11-50,health;semiconductors,Melbourne,"99, Commercial Road, 3004 Melbourne, Australia",We are a biological computing startup putting live neurons into chips to revolutionise computing. Welcome to the post-silicon age,https://www.linkedin.com/company/cclabs-ai/,https://ecosystem.innovationvictoria.com/companies/cortical_labs,4,16064546,operational,,
Creately,scaleup,saas,http://creately.com,early stage,2008,11-50,media;enterprise software,Melbourne,"3000 Melbourne, Australia","Chart, Diagram & Visual Canvas Software | Creately",https://www.linkedin.com/company/creately/,https://ecosystem.innovationvictoria.com/companies/creately,1,,operational,,
Cryptomesh,,commission;saas,https://cryptomesh.io/,early stage,,,fintech,Melbourne,"35, Collins Street, Werribee, Melbourne, City of Wyndham, Victoria, 3030, Australia",Multi-chain decentralized finance staking and rewards protocol,,https://ecosystem.innovationvictoria.com/companies/cryptomesh_,6,3863636,operational,,
ctrl:cyber,startup,subscription;saas,https://ctrl.co/,early stage,2017,51-200,legal;security,Melbourne,"3000 Melbourne, Australia",Agile and Tailored Cybersecurity Services | CTRL Group,https://www.linkedin.com/company/ctrlcyber/,https://ecosystem.innovationvictoria.com/companies/ctrl_cyber,7,,acquired,,
Cubewire,startup,artificial intelligence;saas,http://cubewire.com,early stage,2024,11-50,fintech,Melbourne,"Docklands, Melbourne, City of Melbourne, Victoria, 3008, Australia","Blockchain integration and liquidity management solutions for enterprises, enhancing security and operational efficiency",https://www.linkedin.com/company/cubewire8/,https://ecosystem.innovationvictoria.com/companies/cubewire,1,,operational,,
Culture Amp,scaleup,subscription;saas,http://cultureamp.com/,late stage,2009,501-1000,jobs recruitment;enterprise software,Melbourne,"Richmond, Melbourne, City of Yarra, Victoria, 3121, Australia",Offers survey platform for people and culture,https://www.linkedin.com/company/cultureamp/,https://ecosystem.innovationvictoria.com/companies/culture_amp,32,424918181,operational,,
Curio,startup,,https://curiogroup.com,early stage,2016,11-50,education,Melbourne,"Melbourne, City of Melbourne, Victoria, Australia",,https://www.linkedin.com/company/curio-group-global/,https://ecosystem.innovationvictoria.com/companies/curio_7,4,,operational,,
Cuttable,startup,artificial intelligence;subscription;saas,https://www.cuttable.com/,early stage,2021,11-50,marketing,Melbourne,"Chapel Street, South Yarra, Melbourne, City of Stonnington, Victoria, 3141, Australia",AI ad creative production system for ecommerce.,https://www.linkedin.com/company/cuttable/,https://ecosystem.innovationvictoria.com/companies/cuttable,2,15700000,operational,,
Cygnett,,,http://cygnett.com,early stage,2003,51-200,energy;robotics,Melbourne,"Lorimer Street, Port Melbourne, Melbourne, City of Melbourne, Victoria, 3207, Australia",We develop accessories that combine style and substance,https://www.linkedin.com/company/cygnett/,https://ecosystem.innovationvictoria.com/companies/cygnett,2,,acquired,,
Dann Event Hire,,marketplace & ecommerce,http://danneventhire.com.au,early stage,1994,11-50,home living,Melbourne,"77 Sutton St, North Melbourne, Victoria 3187, AU",Event Furniture Hire in Melbourne - Event Chair Hire | Dann Event Hire,https://www.linkedin.com/company/dann-event-hire/,https://ecosystem.innovationvictoria.com/companies/dann_event_hire,2,,operational,,
Datarock,startup,artificial intelligence;machine learning;subscription;saas,http://datarock.com.au,early stage,2019,11-50,enterprise software,Melbourne,"Queen Street, 3000 Melbourne, Australia","Help transform mining data into actionable insights. Geologists, Geotechnical Engineers and Exploration Professionals leverage the online platform and consulting team to improve their ore body knowledge",https://www.linkedin.com/company/datarock-au/,https://ecosystem.innovationvictoria.com/companies/datarock,1,,acquired,,
Deep Blue Company,scaleup,,http://deepbluecompany.com.au,breakout stage,2012,51-200,real estate,Melbourne,"Melbourne, Australia","Building a better way to buy, sell and settle properties in Australia",https://www.linkedin.com/company/deep-blue-company/,https://ecosystem.innovationvictoria.com/companies/deep_blue_company,1,10000000,operational,,
DefendTex,scaleup,selling own inventory;manufacturing,https://www.defendtex.com/,breakout stage,2014,51-200,security,Melbourne,"Melbourne, City of Melbourne, Victoria, Australia",DefendTex is an innovator in Defence R&D for asymmetric warfare,https://www.linkedin.com/company/defendtex/,https://ecosystem.innovationvictoria.com/companies/defendtex,2,100001,operational,,
DISCO,scaleup,subscription;saas,http://www.disco.ac,breakout stage,2015,51-200,media;enterprise software,Melbourne,"Melbourne, City of Melbourne, Victoria, Australia","File sharing for music and media files, reimagined",https://www.linkedin.com/company/disco-ac/,https://ecosystem.innovationvictoria.com/companies/disco_1,4,14999999,operational,,
DNAiQ,scaleup,,http://dnaiq.com,early stage,2013,1,health,Melbourne,"Burke Road, Camberwell, Melbourne, City of Boroondara, Victoria, 3126, Australia",Genetic testing and consultancy services,https://www.linkedin.com/company/dnaiq/,https://ecosystem.innovationvictoria.com/companies/dnaiq,1,,operational,,
Doftek,startup,selling own inventory;manufacturing,http://doftek.com.au,early stage,2017,2-10,transportation,Melbourne,"Melbourne, City of Melbourne, Victoria, Australia","Patented wheel alignment technologies enhancing vehicle performance, safety, and sustainability",https://www.linkedin.com/company/doftek/,https://ecosystem.innovationvictoria.com/companies/doftek,1,,operational,,
Dooit.ai,startup,artificial intelligence,http://dooit.ai,early stage,2024,2-10,transportation,Melbourne,"Melbourne, City of Melbourne, Victoria, Australia","AI-driven hospitality engine creating allergy-safe, calorie-aware, and custom dietary menus",https://www.linkedin.com/company/dooit-ai/,https://ecosystem.innovationvictoria.com/companies/dooit_ai,1,,operational,,
Dragontail Systems,scaleup,artificial intelligence;deep tech;machine learning;computer vision;subscription;saas,https://www.dragontail.com/,early stage,2013,51-200,food;enterprise software,Melbourne,"673, Bourke Street, 3000 Melbourne, Australia",Platform that connects kitchen management systems to GPS equipped drivers/vehicles,https://www.linkedin.com/company/dragontail-systems/,https://ecosystem.innovationvictoria.com/companies/dragontail_systems,3,,acquired,,
Drawboard,scaleup,subscription;saas,http://drawboard.com,early stage,2011,11-50,legal;enterprise software,Melbourne,"99, Queen Street, 3000 Melbourne, Australia","Creates easier and collaborate PDF software for architecture, engineering, construction and other document-heavy industries",https://www.linkedin.com/company/drawboard/,https://ecosystem.innovationvictoria.com/companies/drawboard,1,9000001,operational,,
Dubber,scaleup,hardware;artificial intelligence;subscription;saas,http://dubber.net,breakout stage,2011,51-200,marketing;enterprise software,Melbourne,"2, Russell Street, East End Theatre District, Melbourne, City of Melbourne, Victoria, 3000, Australia",Global call and communication recording platform through you Service Provider,https://www.linkedin.com/company/dubber/,https://ecosystem.innovationvictoria.com/companies/dubber,2,41000000,operational,,
Dull,startup,subscription;saas,http://dull.net,early stage,2018,11-50,security,Melbourne,"Melbourne, Australia","The Dull Platform provides a simple and secure way to create, manage and control remote access to operational technology systems within and between multiple organisations, business partners and third parties",https://www.linkedin.com/company/dullhq/,https://ecosystem.innovationvictoria.com/companies/dull_1,1,,operational,,
E2 language,scaleup,,http://www.e2language.com,early stage,2015,11-50,education,Melbourne,"10, River Street, South Yarra, Melbourne, City of Stonnington, Victoria, 3141, Australia",Online test preparation for English proficiency exams,https://www.linkedin.com/company/e2language/,https://ecosystem.innovationvictoria.com/companies/e2_language,1,,operational,,
Easygo,startup,subscription;saas,http://easygo.io,late stage,2016,1001-5000,gaming,Melbourne,"3000 Melbourne, Australia",Software development company focusing on disruptive technology within the online and physical gaming sector,https://www.linkedin.com/company/easygo-au/,https://ecosystem.innovationvictoria.com/companies/easygo,51,,operational,,
Easykind,startup,marketplace & ecommerce,http://easykind.com.au,breakout stage,2020,51-200,health,Melbourne,"Melbourne, City of Melbourne, Victoria, Australia","Plant based medicine Built by Patients, for Patients",https://www.linkedin.com/company/easykindau/,https://ecosystem.innovationvictoria.com/companies/easykind_com_au,19,,operational,,
EatClub,startup,mobile app;subscription;commission;saas,https://eatclub.com.au/,breakout stage,2017,201-500,food,Melbourne,"Stop 10: Jolimont Road, Wellington Parade, East Melbourne, Melbourne, City of Melbourne, Victoria, 3002, Australia",Customer engagement platform that gives restaurants the control to manage demand for their table,https://www.linkedin.com/company/eatclub/,https://ecosystem.innovationvictoria.com/companies/eatclub,48,49399999,operational,,
EchoYield,,commission;saas,https://echoyield.io,early stage,,,fintech,Melbourne,"Melbourne, City of Melbourne, Victoria, 3000, Australia",Decentralized platform for multi-chain cryptocurrency staking.,,https://ecosystem.innovationvictoria.com/companies/echoyield,6,2200001,operational,,
EdenExchange,scaleup,commission;marketplace & ecommerce,https://www.edenexchange.com/,early stage,2011,11-50,fintech,Melbourne,"101 Moray St, Melbourne, Victoria 3006, AU",Hooking up business sellers with the right buyers and entrepreneurs to investors who can change their lives,https://www.linkedin.com/company/edenexchange-com/,https://ecosystem.innovationvictoria.com/companies/edenexchange,1,,operational,,
Edrolo,scaleup,commission;marketplace & ecommerce,http://www.edrolo.com.au,breakout stage,2011,51-200,education,Melbourne,"3ZZZ, 144, George Street, Fitzroy, Melbourne, City of Yarra, Victoria, 3065, Australia",Provides online education services and tutors to high school students to improve education and the future lives of learners,https://www.linkedin.com/company/edrolo/,https://ecosystem.innovationvictoria.com/companies/edrolo_1,1,43890002,operational,,
EdSmart,scaleup,subscription;saas,http://www.edsmart.com,early stage,2014,11-50,education,Melbourne,"Albert Road, South Melbourne, Melbourne, City of Port Phillip, Victoria, 3205, Australia",EdSmart is a cloud-based School Organisation System (SOS) for streamlining and enhancing daily school administration and relationship management,https://www.linkedin.com/company/edsmartsos/,https://ecosystem.innovationvictoria.com/companies/cloud_paper_group,1,349999,operational,,
Energy Locals,startup,subscription;marketplace & ecommerce,http://energylocals.com.au,breakout stage,2016,51-200,energy,Melbourne,"11 Newton St, Melbourne, Victoria 3121, AU","Initially, a simple, fair and transparent energy tariff",https://www.linkedin.com/company/energy-locals/,https://ecosystem.innovationvictoria.com/companies/energy_locals,1,6954545,operational,,
Envato,scaleup,subscription;marketplace & ecommerce;saas,http://envato.com,breakout stage,2006,501-1000,media;enterprise software,Melbourne,"121, King Street, 3000 Melbourne, Australia",Subscription service for unlimited creative digital assets,https://www.linkedin.com/company/envato,https://ecosystem.innovationvictoria.com/companies/envato,7,,acquired,,
EonX,scaleup,subscription;saas,https://eonx.com,breakout stage,2014,51-200,fintech;enterprise software,Melbourne,"Camberwell, Victoria 3124, AU","Develops fully branded enterprise platforms for organizations looking to better connect, reward and securely transact with their members, customers and employees",https://www.linkedin.com/company/eonx-com/,https://ecosystem.innovationvictoria.com/companies/eonx,1,,operational,,
Epi-Minder,startup,commission;manufacturing,https://epiminder.com,breakout stage,2018,11-50,health,Melbourne,"Melbourne, City of Melbourne, Victoria, Australia",Medical technology company with a focus on epilepsy monitoring,https://www.linkedin.com/company/epiminder/,https://ecosystem.innovationvictoria.com/companies/epi_minder,1,44000000,operational,,
Equiem,scaleup,subscription;saas,http://getequiem.com,breakout stage,2011,51-200,real estate,Melbourne,"Melbourne, City of Melbourne, Victoria, Australia",Technology and services that vastly improves how building managers engage with property and the people who occupy them,https://www.linkedin.com/company/equiem/,https://ecosystem.innovationvictoria.com/companies/equiem,12,14337350,operational,,
Equix Technologies,scaleup,big data;saas,https://www.equix.com.au/,breakout stage,2008,51-200,fintech,Melbourne,"Melbourne, City of Melbourne, Victoria, Australia","Cutting-edge financial tech solutions for banks, buy side, and sell side with cloud-native global market data",https://www.linkedin.com/company/equixtechnologies/,https://ecosystem.innovationvictoria.com/companies/equix_technologies,10,,operational,,
EstimateOne,scaleup,subscription;saas,http://estimateone.com,breakout stage,2008,51-200,real estate;enterprise software,Melbourne,"Bridge Road, Richmond, Melbourne, City of Yarra, Victoria, 3121, Australia",Construction Tenders: EstimateOne,https://www.linkedin.com/company/e1aunz/,https://ecosystem.innovationvictoria.com/companies/estimateone,5,35000000,operational,,
eStore Logistics,scaleup,commission;saas,http://estorelogistics.com.au,breakout stage,2008,51-200,transportation;enterprise software,Melbourne,"Derrimut, Melbourne, City of Brimbank, Victoria, 3026, Australia",ECommerce delivery and 3PL services with award-winning warehousing and order fulfilment solutions,https://www.linkedin.com/company/estore-logistics/,https://ecosystem.innovationvictoria.com/companies/estore_logistics,2,,operational,,
EVA,startup,selling own inventory;marketplace & ecommerce,http://eva.com.au,early stage,2017,11-50,home living,Melbourne,"Brunswick, Melbourne, City of Merri-bek, Victoria, 3056, Australia",A Melbourne-based furniture brand renowned for its thoughtful and timeless designs,https://www.linkedin.com/company/evahome/,https://ecosystem.innovationvictoria.com/companies/eva_1_7,2,,operational,,
Eveda AUSNZ,startup,,https://www.eveda.com.au/,early stage,2017,2-10,health,Melbourne,"397 Smith St, Suite 10, Fitzroy, Victoria 3065, AU","Our vision is to improve the current and future health, wellbeing and ageing outcomes of all Australian and New Zealand peoples, whilst supporting to create an affordable and quality health and aged care system",https://www.linkedin.com/company/eveda-ausnz/,https://ecosystem.innovationvictoria.com/companies/eveda_ausnz_pty_ltd,1,,operational,,
eventflo,startup,artificial intelligence;commission;saas,http://eventflo.io,early stage,2023,11-50,event tech,Melbourne,"Chapel Street, South Yarra, Melbourne, City of Stonnington, Victoria, 3141, Australia",AI-driven event strategies with FloCoin currency for dynamic pricing and engagement rewards,https://www.linkedin.com/company/eventflohq/,https://ecosystem.innovationvictoria.com/companies/eventflo,1,,operational,,
Eyerising International,startup,selling own inventory;manufacturing,https://www.eyerisinginternational.com/,early stage,2020,2-10,health,Melbourne,"Thai Lane, 9-11, Claremont Street, South Yarra, Melbourne, City of Stonnington, Victoria, 3141, Australia",Medical Device for childhood Myopia control,https://www.linkedin.com/company/eyerising-international/,https://ecosystem.innovationvictoria.com/companies/eyerising_international,1,,operational,,
Family Doctor,scaleup,commission;marketplace & ecommerce,https://familydoctor.com.au/,breakout stage,2008,201-500,health,Melbourne,"Riversdale Road, Hawthorn, Melbourne, City of Boroondara, Victoria, 3122, Australia",Comprehensive medical care network offering family-focused services across Australia with after-hours home visits,https://www.linkedin.com/company/family-doctor-pty-ltd/,https://ecosystem.innovationvictoria.com/companies/family_doctor_,11,,operational,,
Farmers Pick,startup,commission;marketplace & ecommerce,https://farmerspick.com.au/,early stage,2020,11-50,food,Melbourne,"Melbourne, City of Melbourne, Victoria, Australia",Weird and wonderful produce with flexible delivery and meals donated with every purchase,https://www.linkedin.com/company/farmers-pickau/,https://ecosystem.innovationvictoria.com/companies/farmers_pick,1,897461,operational,,
fatsecret,scaleup,subscription,http://fatsecret.com,early stage,2007,11-50,health;food,Melbourne,"3000 Melbourne, Australia",Individualized and sustainable weight loss,https://www.linkedin.com/company/fatsecret/,https://ecosystem.innovationvictoria.com/companies/fatsecret,4,,operational,,
Feoda,startup,subscription;saas,http://feoda.com,early stage,2019,11-50,education,Melbourne,"111, Cecil Street, 3205 Melbourne, Australia",We partner with your school to help you,https://www.linkedin.com/company/feoda/,https://ecosystem.innovationvictoria.com/companies/feoda,4,,operational,,
Ferocia,scaleup,subscription,http://ferocia.com.au,early stage,2011,51-200,fintech,Melbourne,"3205 Melbourne, Australia",We have re-imagined and continually iterated our vision of the future of internet banking,https://www.linkedin.com/company/ferocia/,https://ecosystem.innovationvictoria.com/companies/ferocia,3,,acquired,,
Firmable,startup,saas,https://firmable.ai,breakout stage,2023,51-200,marketing,Melbourne,"Melbourne, City of Melbourne, Victoria, Australia","Firmable is the definitive B2B database in Australia helping businesses drive smarter decisions by knowing more about their leads, customers, and candidates than ever before",https://www.linkedin.com/company/firmable/,https://ecosystem.innovationvictoria.com/companies/firmable,12,23000000,operational,,
Flippa,scaleup,advertising;commission;marketplace & ecommerce,http://flippa.com,breakout stage,2009,51-200,hosting,Melbourne,"Johnston Street, Fitzroy, Melbourne, City of Yarra, Victoria, 3065, Australia",Buy & Sell Online Businesses on the Flippa marketplace,https://www.linkedin.com/company/flippa,https://ecosystem.innovationvictoria.com/companies/flippa,2,17772727,operational,,
Flow Power,scaleup,commission,http://flowpower.com.au,breakout stage,2008,51-200,energy,Melbourne,"109-133, Burwood Road, Glenferrie, Hawthorn, Melbourne, City of Boroondara, Victoria, 3122, Australia",Smart energy solutions leveraging technology for cost-effective and efficient electricity management,https://www.linkedin.com/company/flow-power/,https://ecosystem.innovationvictoria.com/companies/flow_power,5,2600000,operational,,
Flowing Bee,startup,artificial intelligence;subscription;saas,http://flowingbee.com,early stage,2023,11-50,marketing,Melbourne,"Melbourne, City of Melbourne, Victoria, Australia","Revolutionise your customer interactions using AI, customer and behavioural insights",https://www.linkedin.com/company/flowingbee/,https://ecosystem.innovationvictoria.com/companies/flowing_bee,1,1620000,operational,,
FlowTrack,startup,subscription;saas,http://flowtrack.ai,early stage,2020,11-50,enterprise software,Melbourne,"3000 Melbourne, Australia",Employee productivity monitoring platform enhancing operational efficiency with detailed insights and transparent tracking,https://www.linkedin.com/company/flowtrackai/,https://ecosystem.innovationvictoria.com/companies/flowtrack,2,,operational,,
Fluency,startup,artificial intelligence;subscription;saas,https://usefluency.com,early stage,2023,11-50,enterprise software,Melbourne,"Cromwell Street, Collingwood, Melbourne, City of Yarra, Victoria, 3066, Australia",AI-powered work intelligence and process documentation platform.,https://www.linkedin.com/company/usefluency/,https://ecosystem.innovationvictoria.com/companies/farmor_software_pty_ltd,4,10500001,operational,,
Flux Finance,startup,mobile app;commission;marketplace & ecommerce,https://www.flux.finance/,early stage,2020,2-10,fintech,Melbourne,"Burnley, Burnley Street, Burnley, Melbourne, City of Yarra, Victoria, 3121, Australia","Helping 200,000 Aussies win at money",https://www.linkedin.com/company/fluxfinance/,https://ecosystem.innovationvictoria.com/companies/flux_6,1,875000,acquired,,
FMClarity,scaleup,subscription;saas,http://www.fmclarity.com,early stage,2015,11-50,real estate,Melbourne,"Sturt Street, Southbank, Melbourne, City of Melbourne, Victoria, 3006, Australia", software that makes the job of managing facilities and compliance easier,https://www.linkedin.com/company/fmclarity/,https://ecosystem.innovationvictoria.com/companies/fm_clarity,1,,operational,,
Focus Bear,startup,mobile app;artificial intelligence;subscription;saas,http://focusbear.io,breakout stage,2022,51-200,health,Melbourne,"Melrose Street, North Melbourne, Melbourne, City of Melbourne, Victoria, 3051, Australia",Built by a neurodivergent team for people with ADHD who need better focus,https://www.linkedin.com/company/focus-bear/,https://ecosystem.innovationvictoria.com/companies/focus_bear,1,115909,operational,,
Focusmarkets,startup,subscription,http://focusmarkets.com,early stage,2019,2-10,fintech,Melbourne,"Melbourne, Australia","Trade CFDs on FX, Indices, Commodities, Shares & Crypto with 24/5 expert support",https://www.linkedin.com/company/focus-markets/,https://ecosystem.innovationvictoria.com/companies/focusmarkets,1,,operational,,
Formee Express,startup,commission,http://formeeexpress.com,early stage,2019,11-50,education,Melbourne,"North Melbourne, Melbourne, City of Melbourne, Victoria, 3051, Australia",International student admissions and application processing platform.,https://www.linkedin.com/company/formee-express/,https://ecosystem.innovationvictoria.com/companies/formee_express,3,,operational,,
Fortiro,startup,saas,http://fortiro.com,early stage,2021,11-50,security,Melbourne,"Melbourne, City of Melbourne, Victoria, Australia","Automating document reviews can invite criminals, liars and scammers that use seemingly authentic looking documents to try to slip through the process",https://www.linkedin.com/company/fortiro/,https://ecosystem.innovationvictoria.com/companies/fortiro,4,3500001,operational,,
FOUNDIT,startup,commission,https://foundit.property/,early stage,2024,11-50,real estate,Melbourne,"Melbourne, City of Melbourne, Victoria, Australia",Real estate platform empowering buyers with data,https://www.linkedin.com/company/founditproperty/,https://ecosystem.innovationvictoria.com/companies/foundit,1,3090909,operational,,
Foundr Magazine,scaleup,,http://foundr.com,early stage,2013,11-50,media;education,Melbourne,"3000 Melbourne, Australia",Magazine & Education platform for entrepreneurs & early stage startup founders,https://www.linkedin.com/company/foundr,https://ecosystem.innovationvictoria.com/companies/foundr_magazine,1,,operational,,
Foxcatcher,startup,saas,http://foxcatcher.com.au,early stage,2020,11-50,marketing,Melbourne,"Moray Street, South Melbourne, Melbourne, City of Port Phillip, Victoria, 3205, Australia","We are experts on customer data, digital ecosystems and aligning addressable media with CRM, DTC and eCommerce outcomes",https://www.linkedin.com/company/foxcatcher/,https://ecosystem.innovationvictoria.com/companies/foxcatcher,1,4999999,operational,,
Fractionus,startup,commission,http://fractionus.com,early stage,2025,2-10,jobs recruitment,Melbourne,"Melbourne, City of Melbourne, Victoria, Australia","On-demand marketplace for vetted, fractional ecommerce talent",https://www.linkedin.com/company/fractionus/,https://ecosystem.innovationvictoria.com/companies/fractionus,71,,operational,,
FrankieOne,startup,recognition technology;subscription;saas,https://www.frankieone.com/,breakout stage,2017,51-200,security;fintech,Melbourne,"Collins Street, Victoria Harbour, Docklands, Melbourne, City of Melbourne, Victoria, 3008, Australia","Leaders in compliance, identity verification and fraud detection, helping companies onboard and protect their customers",https://www.linkedin.com/company/frankieone/,https://ecosystem.innovationvictoria.com/companies/frankie_financial,7,46000001,operational,,
FrontierSI,startup,,https://frontiersi.com.au/,early stage,2018,11-50,,Melbourne,"Docklands, Melbourne, City of Melbourne, Victoria, 3008, Australia",,https://www.linkedin.com/company/frontiersi/,https://ecosystem.innovationvictoria.com/companies/frontiersi,3,,operational,,
FUNDAY Natural Sweets,startup,selling own inventory;marketplace & ecommerce,https://fundaysweets.com,early stage,2020,11-50,food,Melbourne,"Melbourne, City of Melbourne, Victoria, Australia","Natural lollies with prebiotics, no sugar added or alcohols, promoting gut health",https://www.linkedin.com/company/funday-natural-sweets/,https://ecosystem.innovationvictoria.com/companies/funday_natural_sweets,1,,operational,,
Fusion Markets,startup,commission;saas,https://fusionmarkets.com,breakout stage,2017,51-200,fintech,Melbourne,"3000 Melbourne, Australia",Offering flexibility for all range of trading platforms,https://www.linkedin.com/company/fusion-markets/,https://ecosystem.innovationvictoria.com/companies/fusion_markets,12,,operational,,
Genero,scaleup,commission;marketplace & ecommerce,http://www.genero.com,breakout stage,2009,51-200,media;marketing,Melbourne,"Elwood, Melbourne, City of Port Phillip, Victoria, 3184, Australia","Genero is a video production marketplace, bringing together a global community of 350,000 filmmakers to the world's leading brands, big and small, via an end to end cloud software platform",https://www.linkedin.com/company/genero/,https://ecosystem.innovationvictoria.com/companies/genero,4,46818180,operational,,
Global Reviews,,subscription,http://globalreviews.com,early stage,2001,11-50,marketing,Melbourne,"3000 Melbourne, Australia",Global Reviews scientifically measures and evaluates the effectiveness of the experience that you deliver to your customers,https://www.linkedin.com/company/global-reviews/,https://ecosystem.innovationvictoria.com/companies/global_reviews,2,927274,operational,,
Global Spill and Safety,,selling own inventory;manufacturing,https://globalspill.com.au,early stage,1991,11-50,energy,Melbourne,"Settlement Road, Thomastown, Melbourne, City of Whittlesea, Victoria, 3074, Australia","Australian-made spill control solutions for oil and chemical containment, serving global markets since 1991",https://www.linkedin.com/company/global-spill-safety/,https://ecosystem.innovationvictoria.com/companies/global_spill_and_safety,1,,acquired,,
Glowing Structures,scaleup,manufacturing,https://glowingstructures.com,early stage,2007,2-10,,Melbourne,"South Yarra, Melbourne, City of Stonnington, Victoria, 3141, Australia",High-end residential and commercial lighting design with bespoke fittings and expert consultations,https://www.linkedin.com/company/glowing-structures/,https://ecosystem.innovationvictoria.com/companies/glowing_structures,1,,acquired,,
Greenlake Medical,startup,saas,https://www.greenlakemedical.ai,early stage,2020,2-10,health;enterprise software,Melbourne,"Docklands, Melbourne, City of Melbourne, Victoria, 3008, Australia","Medici: clinical coding, grouping & auditing",https://www.linkedin.com/company/greenlake-medical-ai/,https://ecosystem.innovationvictoria.com/companies/greenlake_medical,1,,low-activity,,
gridmo,startup,subscription;saas,https://www.gridmo.io,early stage,2022,2-10,energy,Melbourne,"Melbourne, City of Melbourne, Victoria, Australia",Gridmo accelerates the connection of generation to the grid. Unlock access to fast and accurate power system studies which use industry-standard modelling tools and align with the latest grid code requirements,https://www.linkedin.com/company/gridmo-au/,https://ecosystem.innovationvictoria.com/companies/gridmo,1,500001,operational,,
gurru systems,startup,saas,http://gurru.com.au,early stage,2021,11-50,enterprise software,Melbourne,"3, Westside Avenue, Fishermans Bend, Port Melbourne, Melbourne, City of Melbourne, Victoria, 3207, Australia","Innovative software solutions that solve industry problems With a focus on the waste, transportation and facilities management sectors, Gurru delivers tech and […]",https://www.linkedin.com/company/gurru-systems/,https://ecosystem.innovationvictoria.com/companies/gurru_systems,2,,operational,,
Gwen,startup,subscription;saas,https://heygwen.com,early stage,2021,1,jobs recruitment,Melbourne,"Northcote, Melbourne, City of Darebin, Victoria, 3070, Australia",A new way to recruit young talent - ditching resumes for video pitches,https://www.linkedin.com/company/upitchme/,https://ecosystem.innovationvictoria.com/companies/upitch_me,1,5000,operational,,
gwmanz.com,,manufacturing,http://gwmanz.com,early stage,,,transportation,Melbourne,"Springvale Road, Mulgrave, Melbourne, City of Monash, Victoria, 3170, Australia","Luxurious SUVs, Utes, and EVs designed for performance, comfort, and sustainability with advanced safety features",https://www.linkedin.com/company/gwm-australia-new-zealand/,https://ecosystem.innovationvictoria.com/companies/gwmanz_com,4,,operational,,
GXE,startup,commission;saas,http://gxe.com,early stage,2021,11-50,legal,Melbourne,"Melbourne, City of Melbourne, Victoria, Australia",The operating system for unlisted assets and funds management,https://www.linkedin.com/company/gxedotcom/,https://ecosystem.innovationvictoria.com/companies/gxe,3,5300000,operational,,
Halx,startup,saas,http://halx.io,early stage,2022,2-10,enterprise software,Melbourne,"Collins Street, Melbourne, City of Melbourne, Victoria, 3000, Australia","We pride ourselves in delivering fit-for-purpose business applications deploying leading-edge Web3, Machine Learning, and Artificial Intelligence technology",https://www.linkedin.com/company/halxio/,https://ecosystem.innovationvictoria.com/companies/halx_1,1,,operational,,
HarvestStack,startup,commission;marketplace & ecommerce,https://harveststack.co,early stage,2023,2-10,food,Melbourne,"Melbourne, City of Melbourne, Victoria, Australia",Demand a food system that serves our world,https://www.linkedin.com/company/harveststack/,https://ecosystem.innovationvictoria.com/companies/harveststack,1,,operational,,
Healthily,startup,subscription;saas,http://healthily.com.au,early stage,2016,11-50,health,Melbourne,"Melbourne, Australia",Healthily is an Australian health technology company specialising in patient education,https://www.linkedin.com/company/healthily/,https://ecosystem.innovationvictoria.com/companies/healthily,1,,operational,,
Heidi,startup,artificial intelligence;subscription,https://heidihealth.com,late stage,2019,501-1000,health;enterprise software,Melbourne,"Melbourne, City of Melbourne, Victoria, Australia",AI clinical documentation platform for healthcare workflows,https://www.linkedin.com/company/heidi/,https://ecosystem.innovationvictoria.com/companies/heidi_2,95,141109090,operational,,
Helfie,startup,artificial intelligence;machine learning;recognition technology;mobile app;commission;subscription;saas,http://helfie.ai,late stage,2016,51-200,health,Melbourne,"3000 Melbourne, Australia",Instant diagnosis of skin moles using artificial intelligence and real doctors,https://www.linkedin.com/company/helfieai/,https://ecosystem.innovationvictoria.com/companies/helfie_pty,10,53936362,operational,,
HelloCareAU,startup,advertising;saas,http://hellocare.com.au,early stage,2017,2-10,health;media,Melbourne,"114, Flinders Street, East End Theatre District, Melbourne, City of Melbourne, Victoria, 3000, Australia",News and information platform for the aged care sector.,https://www.linkedin.com/company/hellocareau/,https://ecosystem.innovationvictoria.com/companies/hellocareau,2,,operational,,
Horsell Technology,startup,subscription;saas,https://Horsell.com.au,early stage,2021,11-50,enterprise software,Melbourne,"175-187, Sturt Street, Southbank, Melbourne, City of Melbourne, Victoria, 3006, Australia","Specialists in defence procurement, asset management, and project logistics for government sectors",https://www.linkedin.com/company/horsell-consulting/,https://ecosystem.innovationvictoria.com/companies/horsell_technology,4,,operational,,
HotDoc,scaleup,marketplace & ecommerce,http://hotdoc.com.au,early stage,2012,51-200,health,Melbourne,"East Tower, 525, Flinders Street, Melbourne, South Wharf, Melbourne, City of Melbourne, Victoria, 3000, Australia","HotDoc | Doctor Appointment, Doctor Appointment Online",https://www.linkedin.com/company/hotdoc/,https://ecosystem.innovationvictoria.com/companies/hotdoc,12,7200000,acquired,,
HungryHungry,startup,commission,https://hungryhungry.com/,early stage,2019,11-50,food,Melbourne,"Market Street, South Melbourne, Melbourne, City of Port Phillip, Victoria, 3205, Australia","HungryHungry are the industry leaders in contactless ordering. Offering customisable digital solutions for hospo venues including online ordering, options for in-venue and out-of-venue, and a full suite of smart marketing tools",https://www.linkedin.com/company/hungryhungry/,https://ecosystem.innovationvictoria.com/companies/hungryhungry,1,2000001,operational,,
Hydrix,,artificial intelligence;hardware;deep tech;machine learning;computer vision;connected device;iot internetofthings,http://hydrix.com,breakout stage,2002,51-200,health;engineering and manufacturing equipment,Melbourne,"30-32, Compark Circuit, Mulgrave, Melbourne, City of Monash, Victoria, 3170, Australia","Product development company, specializing in complex, regulated and safety-critical projects",https://www.linkedin.com/company/hydrix/,https://ecosystem.innovationvictoria.com/companies/hydrix,2,,operational,,
Hypetap,scaleup,artificial intelligence;commission,http://hypetap.com,early stage,2013,11-50,marketing,Melbourne,"3000 Melbourne, Australia",Connecting brands with the world's strongest network of social media influencers,https://www.linkedin.com/company/hypetap/,https://ecosystem.innovationvictoria.com/companies/hypetap,1,,operational,,
IBuildNew,scaleup,,http://ibuildnew.com.au/,early stage,2014,2-10,real estate,Melbourne,"3000 Melbourne, Australia",A leading Market aggregator dedicated to residential home construction and land development,https://www.linkedin.com/company/ibuildnew/,https://ecosystem.innovationvictoria.com/companies/ibuildnew,1,3090909,acquired,,
iD Collective,scaleup,advertising;saas,https://idcollective.com.au/,early stage,2014,51-200,,Melbourne,"8, Fitzroy Street, St Kilda, Melbourne, City of Port Phillip, Victoria, 3182, Australia","Full-service communications agency enhancing brand visibility through strategic PR, social media, and event management",https://www.linkedin.com/company/id-collective-pty-ltd/,https://ecosystem.innovationvictoria.com/companies/id_collective,7,,acquired,,
Infinity Plus Two,,,https://infinityplustwo.net/,early stage,,11-50,gaming,Melbourne,"Park Street, South Melbourne, Melbourne, City of Port Phillip, Victoria, 3205, Australia",Infinity Plus Two – Developers of Gems of War,,https://ecosystem.innovationvictoria.com/companies/infinity_plus_two,1,,acquired,,
Influx,scaleup,,http://influx.com,late stage,2013,501-1000,jobs recruitment,Melbourne,"Juno Creative, 36-38, Gipps Street, Collingwood, Melbourne, City of Yarra, Victoria, 3066, Australia",Support as a Service for brands and tech companies,https://www.linkedin.com/company/influx-inc-/,https://ecosystem.innovationvictoria.com/companies/influx,17,6336364,operational,,
InstantScripts,startup,commission;marketplace & ecommerce,http://instantscripts.com.au,early stage,2018,51-200,health,Melbourne,"644, Chapel Street, 3141 Melbourne, Australia",Telehealth prescribing software platform,https://www.linkedin.com/company/instantscripts/,https://ecosystem.innovationvictoria.com/companies/instantscripts,10,15900000,acquired,,
Integra Systems.,,selling own inventory;manufacturing,https://integrasystems.com.au/,early stage,1991,11-50,energy,Melbourne,"Melbourne, City of Melbourne, Victoria, Australia",Bespoke sheet metal solutions with advanced manufacturing and Industry 4.0 capabilities,https://www.linkedin.com/company/integrasystems-australia/,https://ecosystem.innovationvictoria.com/companies/integra_systems_,1,110000,operational,,
Intellischool,startup,artificial intelligence;commission;saas,https://intellischool.co,early stage,2018,11-50,education,Melbourne,"3126 Melbourne, Australia","Develops smart SaaS solutions for the education sector that focus on automation, efficiency and meaningful data insights",https://www.linkedin.com/company/intellischool/,https://ecosystem.innovationvictoria.com/companies/intellischool,1,3299999,operational,,
International STEAM Education PTY LTD,startup,subscription;saas,https://isteamedu.au/,early stage,2021,2-10,education,Melbourne,"Melbourne, City of Melbourne, Victoria, Australia",International STEAM Education is a social enterprise that provides interactive immersion workshops and at home programs,https://www.linkedin.com/company/isteamedu/,https://ecosystem.innovationvictoria.com/companies/international_steam_education_pty_ltd,2,,operational,,
Intraceuticals Pty,,subscription;marketplace & ecommerce,http://intraceuticals.com,breakout stage,2002,51-200,wellness beauty,Melbourne,"3123 Melbourne, Australia",Intraceuticals Official UK Specialists in Oxygen Products and Skincare Intraceuticals Official UK,https://www.linkedin.com/company/intraceuticals/,https://ecosystem.innovationvictoria.com/companies/intraceuticals_pty,2,,operational,,
InvestorHub,startup,commission;subscription;saas,https://www.investorhub.com/,breakout stage,2019,51-200,fintech;enterprise software,Melbourne,"3000 Melbourne, Australia","Retail investor engagement through streamlined investor communications tools, an intelligent investor CRM, and capital raise services",https://www.linkedin.com/company/invhub/,https://ecosystem.innovationvictoria.com/companies/investorhub_1,3,14635453,operational,,
iQ LAB,startup,artificial intelligence;saas,http://iqlab.com.au,early stage,2024,2-10,energy,Melbourne,"Melbourne, City of Melbourne, Victoria, Australia",AI-powered platform for multi-site energy management,https://www.linkedin.com/company/iq-lab-co/,https://ecosystem.innovationvictoria.com/companies/iq_lab,2,,operational,,
iSelect,,marketplace & ecommerce,http://www.iselect.com.au,early stage,2000,201-500,fintech,Melbourne,"294, Bay Road, Cheltenham, Melbourne, City of Bayside, Victoria, 3192, Australia",The most visited health insurance comparison site in Australia,https://www.linkedin.com/company/iselect/,https://ecosystem.innovationvictoria.com/companies/iselect,6,,acquired,,
JET Charge,scaleup,manufacturing,https://jetcharge.com.au,breakout stage,2013,51-200,energy;transportation,Melbourne,"350, Bridge Street, Port Melbourne, Melbourne, City of Port Phillip, Victoria, 3207, Australia",Electric Car Charging Solutions | JET Charge,https://www.linkedin.com/company/jet-charge/,https://ecosystem.innovationvictoria.com/companies/jet_charge,7,118520000,operational,,
Jitzu,startup,commission;saas,http://jitzu.com.au,early stage,2025,2-10,fintech,Melbourne,"Melbourne, City of Melbourne, Victoria, Australia",AI-powered foreign exchange advisory and risk management,https://www.linkedin.com/company/jitzuau/,https://ecosystem.innovationvictoria.com/companies/jitzu,1,,operational,,
Judo Bank,startup,subscription;commission,https://www.judo.bank/,late stage,2016,501-1000,fintech,Melbourne,"HWT Tower, 40, City Road, Southbank, Melbourne, City of Melbourne, Victoria, 3006, Australia","A specialist lender, purpose built to provide  Australia's Small to Medium Enterprise's (SMEs) with the funding and service they need",https://www.linkedin.com/company/judobank/,https://ecosystem.innovationvictoria.com/companies/judo_capital,23,1198727275,operational,,
July,startup,marketplace & ecommerce,http://www.july.com,breakout stage,2019,51-200,travel;fashion,Melbourne,"Robert Street, Collingwood, Melbourne, City of Yarra, Victoria, 3066, Australia",Designs and sells innovative suitcases and travel bags for modern travelers,https://www.linkedin.com/company/july/,https://ecosystem.innovationvictoria.com/companies/july_1,2,11500000,operational,,
Justice Connect,,marketplace & ecommerce,http://justiceconnect.org.au,breakout stage,1992,51-200,legal,Melbourne,"Melbourne, City of Melbourne, Victoria, Australia",,https://www.linkedin.com/company/justiceconnect,https://ecosystem.innovationvictoria.com/companies/justice_connect,5,,operational,,
Kailo Medical,scaleup,,http://www.kailomedical.com,early stage,2011,11-50,health;media,Melbourne,"Victoria Road, Camberwell, Melbourne, City of Boroondara, Victoria, 3126, Australia","Kailo Medical is the developer of SonoReview, an industry leading enterprise-grade electronic worksheet and structured reporting solution",https://www.linkedin.com/company/kailo-medical/,https://ecosystem.innovationvictoria.com/companies/kailo_medical,2,,operational,,
Kanopi,startup,big data;commission;saas,https://www.kanopicover.com/,early stage,2019,11-50,fintech,Melbourne,"Melbourne, City of Melbourne, Victoria, Australia","An intelligent, data-driven insurance platform that helps people and businesses anticipate their insurance needs before they need it",https://www.linkedin.com/company/kanopicover/,https://ecosystem.innovationvictoria.com/companies/kanopi_cover,6,4636364,operational,,
Kapture,startup,commission;manufacturing,http://kapture.earth,early stage,2021,11-50,energy,Melbourne,"Melbourne, City of Melbourne, Victoria, Australia","Kapture has developed user-friendly, low-cost technology that captures COÂ² emissions from diesel generators before they are emitted into the atmosphere",https://www.linkedin.com/company/kapturecarbon/,https://ecosystem.innovationvictoria.com/companies/kapture_2,2,,operational,,
Karista,startup,subscription;saas;marketplace & ecommerce,http://www.karista.com.au,early stage,2016,11-50,health,Melbourne,"Degani Bakery Cafe, 710, Collins Street, Batman's Hill, Docklands, Melbourne, City of Melbourne, Victoria, 3008, Australia",Karista connects carers and consumers with disability and home care service providers allowing them to make the right choice based on individual needs,https://www.linkedin.com/company/karista-pty-ltd/,https://ecosystem.innovationvictoria.com/companies/karista,2,2913181,operational,,
Keyton,startup,commission,https://keyton.com.au/,late stage,2023,201-500,real estate,Melbourne,"Melbourne (Olympic Park) - Bureau of Meteorology station 086338, CityLink, Melbourne, City of Melbourne, Victoria, Australia",Owner and operator of Australian retirement living communities.,https://www.linkedin.com/company/keyton-retirement-living/,https://ecosystem.innovationvictoria.com/companies/keyton,15,,operational,,
Kick,startup,advertising;saas,https://kick.com/,late stage,2022,1001-5000,gaming;media,Melbourne,"Melbourne, City of Melbourne, Victoria, Australia",Live-streaming platform hosting all types of entertainment content and broadcasts,https://www.linkedin.com/company/kick-streaming/,https://ecosystem.innovationvictoria.com/companies/kick_4,5,,operational,,
Kikada Lane Dental,startup,commission,http://kikadalane.com.au,early stage,2017,11-50,jobs recruitment,Melbourne,"Richmond, Melbourne, City of Yarra, Victoria, 3121, Australia",Community of dental practices across Australia delivering top-tier patient care and career development,https://www.linkedin.com/company/kikada-dental-group/,https://ecosystem.innovationvictoria.com/companies/kikada_lane_dental,2,10000000,operational,,
KingSide,scaleup,artificial intelligence;advertising;saas,http://kingside.com,early stage,2012,11-50,marketing,Melbourne,"Melbourne, City of Melbourne, Victoria, Australia",White Label Marketing - Kingside.com,https://www.linkedin.com/company/kingside/,https://ecosystem.innovationvictoria.com/companies/kingside,1,,operational,,
Kismet,startup,,https://kismet.healthcare/,breakout stage,2023,51-200,health,Melbourne,"TAC House, 222, Exhibition Street, Melbourne, City of Melbourne, Victoria, 3000, Australia",Reimagining the way people access healthcare,https://www.linkedin.com/company/kismethealthcare/,https://ecosystem.innovationvictoria.com/companies/kismet_2,1,36500000,operational,,
Kite Magnetics,startup,hardware;deep tech;nanotech;selling own inventory;manufacturing,http://kitemagnetics.com,early stage,2021,11-50,transportation;engineering and manufacturing equipment,Melbourne,"Normanby Road, Notting Hill, Melbourne, City of Monash, Victoria, 3168, Australia","Enabling more affordable electric cars, trucks, and drones to travel further and carry more on a single charge",https://www.linkedin.com/company/kite-magnetics/,https://ecosystem.innovationvictoria.com/companies/kite_magnetics,1,7450000,operational,,
Kobble,startup,mobile app;commission;saas,http://kobble.net,early stage,2024,2-10,fintech,Melbourne,"Envato, 121, King Street, Melbourne, City of Melbourne, Victoria, 3000, Australia","Comprehensive embedded finance platform offering white-labelled apps, KYC, payments, FX, and transaction solutions for growth",https://www.linkedin.com/company/kobble-au/,https://ecosystem.innovationvictoria.com/companies/kobble_1,1,,operational,,
Kopā,startup,subscription;saas,https://kopamedia.io,early stage,2019,11-50,marketing,Melbourne,"Melbourne, City of Melbourne, Victoria, Australia",Kopa measures and manages your brand safety and suitability across all media devices and ad campaigns across Youtube,https://www.linkedin.com/company/kopā/,https://ecosystem.innovationvictoria.com/companies/kop_,1,,operational,,
KYHA Studios,scaleup,commission;marketplace & ecommerce,http://kyhastudios.com,breakout stage,2011,51-200,fashion,Melbourne,"Mulgrave, Melbourne, City of Monash, Victoria, 3170, Australia",Effortless bridal fashion for modern brides with interest-free payment plans and sustainable practices,https://www.linkedin.com/company/one-day-bridal/,https://ecosystem.innovationvictoria.com/companies/kyha_studios,7,,operational,,
Lawyerly,startup,advertising;saas,http://lawyerly.com.au,early stage,2017,2-10,legal,Melbourne,"Cotham Village, Kew, Melbourne, City of Boroondara, Victoria, 3101, Australia","Daily legal news platform delivering critical updates on commercial disputes, class actions, and regulatory developments in Australia",https://www.linkedin.com/company/lawyerly-media/,https://ecosystem.innovationvictoria.com/companies/lawyerly,193,,operational,,
Lenia Health,startup,selling own inventory;saas,https://www.leniahealth.com,early stage,2023,11-50,health,Melbourne,"Mount Waverley, Melbourne, City of Monash, Victoria, 3149, Australia",Lenia Health specializes in providing medical imaging technology solutions to healthcare facilities,https://www.linkedin.com/company/leniahealth/,https://ecosystem.innovationvictoria.com/companies/lenia_health,2,,operational,,
Lexer,scaleup,commission;subscription;saas,http://www.lexer.io,breakout stage,2010,51-200,marketing;enterprise software,Melbourne,"Inkerman Street, St Kilda, Melbourne, City of Port Phillip, Victoria, 3182, Australia",Helps brands and retailers genuinely understand their customers and engage them with the experiences they deserve,https://www.linkedin.com/company/lexer/,https://ecosystem.innovationvictoria.com/companies/lexer_1,2,53509093,operational,,
LinkDM,startup,subscription;saas,http://linkdm.com,early stage,2021,2-10,marketing,Melbourne,"Melbourne, Australia",Instagram automation software for marketing experts,https://www.linkedin.com/company/linkdm/,https://ecosystem.innovationvictoria.com/companies/linkdm,1,,operational,,
Litecard,startup,artificial intelligence;machine learning;connected device;subscription;commission;saas,https://litecard.com.au,early stage,2022,11-50,fintech;marketing,Melbourne,"Flinders Street, Melbourne, City of Melbourne, Victoria, 3000, Australia","Providing member and ID intelligence, automation and lifecycle management for Public and Private entities",https://www.linkedin.com/company/litecard/,https://ecosystem.innovationvictoria.com/companies/litecard,4,2318183,operational,,
LittlePay,scaleup,commission,http://littlepay.com,breakout stage,2015,51-200,fintech,Melbourne,"3000 Melbourne, Australia",Australian fintech scale-up focused on developing transit payment processing services,https://www.linkedin.com/company/littlepay/,https://ecosystem.innovationvictoria.com/companies/littlepay,3,,operational,,
LiveHire,scaleup,,http://livehire.com,early stage,2007,11-50,health;jobs recruitment,Melbourne,"461, Bourke Street, 3000 Melbourne, Australia",Talent community technology company,https://www.linkedin.com/company/livehire/,https://ecosystem.innovationvictoria.com/companies/livehire,7,5666,acquired,,
Liven,scaleup,commission;subscription;marketplace & ecommerce,https://liven.love/,breakout stage,2015,51-200,fintech;food,Melbourne,"Collins Street, Melbourne, City of Melbourne, Victoria, 3000, Australia",Loyalty-based mobile payments accelerating restaurant engagement,https://www.linkedin.com/company/liven/,https://ecosystem.innovationvictoria.com/companies/liven,7,11591819,operational,,
Local: Residential,startup,commission;marketplace & ecommerce,https://localresidential.com.au/,breakout stage,2021,51-200,real estate,Melbourne,"Church Street, Richmond, Melbourne, City of Yarra, Victoria, 3121, Australia",Build-to-rent business enhancing Australian communities with quality apartments and comprehensive living amenities,https://www.linkedin.com/company/localresidential/,https://ecosystem.innovationvictoria.com/companies/local_residential,2,,operational,,
Locale Civil,startup,saas,https://localecivil.com/,early stage,2022,11-50,enterprise software,Melbourne,"Brunswick, Melbourne, City of Merri-bek, Victoria, 3056, Australia",Collaborative SaaS platform for public works capital programs,https://www.linkedin.com/company/locale-civil/,https://ecosystem.innovationvictoria.com/companies/locale_civil,3,,acquired,,
Low Carbon Materials Hub,startup,artificial intelligence;subscription;saas,http://lcmhub.com,early stage,2024,2-10,real estate;enterprise software,Melbourne,"Melbourne, City of Melbourne, Victoria, Australia",AI-powered digital hub for construction material EPDs,https://www.linkedin.com/company/low-carbon-materials-hub/,https://ecosystem.innovationvictoria.com/companies/low_carbon_materials_hub,3,,operational,,
Lumia Care,startup,commission,http://lumiacare.com.au,breakout stage,2022,51-200,health,Melbourne,"Hawthorn, Melbourne, City of Boroondara, Victoria, 3122, Australia","Empowering independence with reliable, respectful healthcare services across age care, disability, and hospital sectors in Australia",https://www.linkedin.com/company/lumiacare/,https://ecosystem.innovationvictoria.com/companies/lumia_care,47,,operational,,
Luxury Escapes,scaleup,marketplace & ecommerce,http://luxuryescapes.com,late stage,2013,501-1000,travel,Melbourne,"York Street, South Melbourne, Melbourne, City of Port Phillip, Victoria, 3205, Australia",Luxury Escapes is a global travel brand on a mission to make extraordinary holidays accessible to all who dream of travel without limits,https://www.linkedin.com/company/luxury-escapes/,https://ecosystem.innovationvictoria.com/companies/luxury_escapes,33,36000001,operational,,
Lyrebird Health,startup,saas,http://lyrebirdhealth.com,breakout stage,2023,51-200,health,Melbourne,"St Kilda, Melbourne, City of Port Phillip, Victoria, 3182, Australia","Lyrebird streamlines administrative tasks for clinicians, freeing them to focus on patient care",https://www.linkedin.com/company/lyrebirdhealth/,https://ecosystem.innovationvictoria.com/companies/lyrebird_health,12,12120000,operational,,
Machines4u Pty.Ltd,,commission;marketplace & ecommerce,http://machines4u.com.au,early stage,2005,11-50,home living,Melbourne,"South Melbourne, Melbourne, City of Port Phillip, Victoria, 3205, Australia","An independent, multi-award-winning equipment and machinery online marketplace designed by industry specialists for the benefit of Australian manufacturing, mining, construction, and farming businesses",https://www.linkedin.com/company/machines4u/,https://ecosystem.innovationvictoria.com/companies/machines4u_pyt_ltd,5,,operational,,
Made Group,,subscription;manufacturing,http://madegroup.com,early stage,2005,51-200,food,Melbourne,"14 Rodeo Drive, Dandenong South, VIC 3175, AU",Made Group operates as a nutrition drinks company,https://www.linkedin.com/company/made-group/,https://ecosystem.innovationvictoria.com/companies/made_group,5,,acquired,,
MainCode,startup,artificial intelligence;commission,https://maincode.com,early stage,2024,11-50,enterprise software,Melbourne,"Melbourne, City of Melbourne, Victoria, Australia",Australian-made AI models enhancing human cognitive capabilities,https://www.linkedin.com/company/maincodehq/,https://ecosystem.innovationvictoria.com/companies/maincode,3,,operational,,
MapAI,startup,artificial intelligence;subscription;saas,https://mapai.net/,early stage,2024,2-10,transportation,Melbourne,"Melbourne, City of Melbourne, Victoria, Australia","Geospatial insights through AI-driven chat, enabling swift decision-making without complex processes",https://www.linkedin.com/company/mapaichat/,https://ecosystem.innovationvictoria.com/companies/mapai,1,2009091,operational,,
Mash,startup,advertising,http://thisismash.com,early stage,2018,11-50,media;marketing,Melbourne,"Melbourne, City of Melbourne, Victoria, Australia",Curating and managing in-house agency teams from a global pool of top independent talent for revolutionary brands,https://www.linkedin.com/company/mashbrands/,https://ecosystem.innovationvictoria.com/companies/mash_,34,2000001,operational,,
MedAdvisor,scaleup,,http://mymedadvisor.com,breakout stage,2013,51-200,health,Melbourne,"971, Burke Road, Camberwell, Hawthorn East, Melbourne, City of Boroondara, Victoria, 3123, Australia",Software for personal medication management,https://www.linkedin.com/company/medadvisor-solutions-au/,https://ecosystem.innovationvictoria.com/companies/medadvisor,1,,operational,,
MediGroup EBI,,saas,https://medigroupebi.com,early stage,2005,2-10,health;enterprise software,Melbourne,"530, Little Collins Street, 3000 Melbourne, Australia",Medigroup ebi is a medical and surgical device company founded in 2005,https://www.linkedin.com/company/medigroup-australia/,https://ecosystem.innovationvictoria.com/companies/medigroup_ebi,1,,operational,,
Medlo,startup,commission,https://medlo.com.au/,early stage,2023,2-10,health,Melbourne,"Wellington Street, Collingwood, Melbourne, City of Yarra, Victoria, 3066, Australia",Medical recruitment platform offering best rates in Australia with commission sharing and fast payments,https://www.linkedin.com/company/medlo-explore/,https://ecosystem.innovationvictoria.com/companies/medlo_au,6,,operational,,
Mentorloop,scaleup,commission;saas,http://mentorloop.com,early stage,2014,11-50,education;enterprise software,Melbourne,"4 Regent St, Richmond, Victoria 3121, AU",Cloud-based mentoring software platform which enables organisations to match their people into effective mentorships at any scale,https://www.linkedin.com/company/mentorloop/,https://ecosystem.innovationvictoria.com/companies/mentorloop,1,1841817,operational,,
Menumiz,startup,artificial intelligence;saas,https://menumiz.com,early stage,2018,11-50,,Melbourne,"Envato, 121, King Street, Melbourne, City of Melbourne, Victoria, 3000, Australia","End-to-end restaurant management system on cloud, integrating digital menus, self-service orders, and seamless payment processing",https://www.linkedin.com/company/universal-apps-menumiz/,https://ecosystem.innovationvictoria.com/companies/menumiz,11,,operational,,
Mesoblast,,commission;manufacturing,http://mesoblast.com,late stage,2004,51-200,health,Melbourne,"55, Collins Street, 3000 Melbourne, Australia",Developing and commercialising allogeneic cellular medicines to treat serious and life-threatening inflammatory diseases,https://www.linkedin.com/company/mesoblast/,https://ecosystem.innovationvictoria.com/companies/mesoblast,8,71406955,operational,,
Mindflight7,startup,subscription,http://mindflight7.com.au,early stage,2019,11-50,education,Melbourne,"Melbourne, Australia",Mindflight7 offers immersive interactive virtual reality experiences for high school kids,http://www.linkedin.com/company/mindflight7,https://ecosystem.innovationvictoria.com/companies/mindflight7,2,,operational,,
Mindset Health,startup,mobile app;commission;saas,http://mindsethealth.com,breakout stage,2018,11-50,health,Melbourne,"620, Church Street, Cremorne, Melbourne, City of Yarra, Victoria, 3121, Australia",Helps manage chronic health issues like irritable bowel syndrome and anxiety with app-based hypnotherapy,https://www.linkedin.com/company/mindsethealth/,https://ecosystem.innovationvictoria.com/companies/mindset_health_1_1,2,26515910,operational,,
Mobiledock,scaleup,,http://mobiledock.com,early stage,2010,11-50,real estate;transportation,Melbourne,"Albert Road, South Melbourne, Melbourne, City of Port Phillip, Victoria, 3205, Australia","MobileDOCK, in its simplest form is Air Traffic Control for the ground",https://www.linkedin.com/company/mobiledock/,https://ecosystem.innovationvictoria.com/companies/mobiledock,1,,operational,,
mod.io,startup,subscription;commission;saas,https://mod.io/,breakout stage,2018,51-200,gaming,Melbourne,"Malvern Road, Prahran, Melbourne, City of Stonnington, Victoria, 3181, Australia","Cross-platform UGC (mod) management API software and marketplace solution that helps studios grow their game's appeal, revenue and staying power",https://www.linkedin.com/company/modiohq/,https://ecosystem.innovationvictoria.com/companies/mod_io,1,47909092,operational,,
Modscape,scaleup,hardware;manufacturing,http://modscape.com.au,breakout stage,2006,51-200,real estate,Melbourne,"Modscape, 430, Francis Street, Brooklyn, Melbourne, City of Hobsons Bay, Victoria, 3013, Australia","Modscape is an Australian owned and operated company that utilises the benefits of modular design and prefabrication to create architecturally designed, innovative sustainable homes and commercial projects",https://www.linkedin.com/company/modscapemodbotics/,https://ecosystem.innovationvictoria.com/companies/modscape,5,,operational,,
Momentum Energy,,manufacturing,http://momentumenergy.com.au,early stage,2004,201-500,energy,Melbourne,"Melbourne, Australia",Renewable Electricity & Gas Australia | Momentum Energy,https://www.linkedin.com/company/momentum-energy/,https://ecosystem.innovationvictoria.com/companies/momentum_energy,7,4868181,acquired,,
More,scaleup,artificial intelligence;marketplace & ecommerce,http://more.com.au,breakout stage,2013,51-200,telecom,Melbourne,"South Melbourne, Melbourne, City of Port Phillip, Victoria, 3205, Australia",Internet and connectivity solutions with exclusive CommBank offers and seamless device integration,https://www.linkedin.com/company/moretelecom/,https://ecosystem.innovationvictoria.com/companies/more_11,4,,operational,,
More Good Days,startup,,https://moregooddays.com,early stage,2021,11-50,health,Melbourne,"East Melbourne, Melbourne, City of Melbourne, Victoria, 3002, Australia",Digitally delivered programs using neuroscience and psychology to manage chronic pain,https://www.linkedin.com/company/moregooddays/,https://ecosystem.innovationvictoria.com/companies/more_good_days,1,3520001,operational,,
Moula,scaleup,subscription,https://moula.com.au/,breakout stage,2013,51-200,fintech,Melbourne,"Collins Street, Melbourne, Carlton, Melbourne, City of Melbourne, Victoria, 3000, Australia",Moula is a better way to borrow money to grow your business,https://www.linkedin.com/company/moula/,https://ecosystem.innovationvictoria.com/companies/moula,3,55999999,acquired,,
Mutinex,startup,commission;saas,https://mutinex.co,breakout stage,2017,51-200,marketing;enterprise software,Melbourne,"Coventry Street, South Melbourne, Melbourne, City of Port Phillip, Victoria, 3205, Australia",The Platform World-class marketing investment analytics powered by the gold-standard in econometrics and machine learning,https://www.linkedin.com/company/mutinex/,https://ecosystem.innovationvictoria.com/companies/mutinex,25,34400000,operational,,
My Inspiration Never Dies,startup,,http://myinspirationneverdies.com,early stage,2021,2-10,sports,Melbourne,"29 Brindley St, Dandenong South, Victoria 3175, AU",Inspire | empower | conquer,https://www.linkedin.com/company/my-inspiration-never-dies/,https://ecosystem.innovationvictoria.com/companies/my_inspiration_never_dies,1,,operational,,
MyConnect,scaleup,commission;marketplace & ecommerce,http://myconnect.com.au,breakout stage,2006,51-200,real estate,Melbourne,"Melbourne, City of Melbourne, Victoria, Australia",Free utility connection service for home movers.,https://www.linkedin.com/company/myconnect-pty-ltd/,https://ecosystem.innovationvictoria.com/companies/myconnect_2,1,,operational,,
MyDNA,scaleup,,http://www.mydna.life,early stage,2007,11-50,health;real estate,Melbourne,"12, River Street, South Yarra, Melbourne, City of Stonnington, Victoria, 3141, Australia","Provider of health care tests designed to decode information in genes to help live better. The company's tests helps to know how the body responds to medicines, diet and exercise, enabling customers to live better and live longer",https://www.linkedin.com/company/mydna/,https://ecosystem.innovationvictoria.com/companies/mydna,2,18999999,operational,,
Myevent,startup,selling own inventory,http://myevent.io,early stage,2019,2-10,event tech,Melbourne,"A'Beckett Street, Melbourne, Victoria 3000, AU",,https://www.linkedin.com/company/myevent-io/,https://ecosystem.innovationvictoria.com/companies/myevent,1,,operational,,
MYOB,,subscription;saas,https://www.myob.com/,late stage,1991,1001-5000,fintech;enterprise software,Melbourne,"Cremorne Street, Cremorne, Melbourne, City of Yarra, Victoria, 3121, Australia",Online accounting software for any business,https://www.linkedin.com/company/myob,https://ecosystem.innovationvictoria.com/companies/myob,47,,acquired,,
Navia Hub,,mobile app;big data;subscription;saas,http://naviafreight.com,breakout stage,2003,51-200,transportation;enterprise software,Melbourne,"3042 Melbourne, Australia",Navia Hub has been designed to help you determine the real potential of your organisation’s supply chain,https://www.linkedin.com/company/naviafreight/,https://ecosystem.innovationvictoria.com/companies/navia_logistics,2,,operational,,
Nectar Brands,startup,commission,http://nectarbrands.com.au,early stage,2019,11-50,health,Melbourne,"Melbourne, City of Melbourne, Victoria, Australia",We are building a future for healthcare that is tech-driven with a patient focus,https://www.linkedin.com/company/nectar-brands-pty-ltd/,https://ecosystem.innovationvictoria.com/companies/nectar_brands,1,,operational,,
Neo Intelligence,scaleup,subscription;saas,https://neoconstruct.ai,early stage,2015,11-50,real estate,Melbourne,"696, Bourke Street, Melbourne, City of Melbourne, Victoria, 3000, Australia","Cloud-centric construction management software enhancing visibility across teams, projects, and productivity",https://www.linkedin.com/company/neo-intelligence-construction-software/,https://ecosystem.innovationvictoria.com/companies/neo_intelligence,1,,operational,,
Netwealth,,,http://www.netwealth.com.au,late stage,1999,501-1000,fintech,Melbourne,"52, Collins Street, 3000 Melbourne, Australia",Netwealth's award-winning platform is currently rated Australiaâ€™s Number 1 Platform for overall functionality and overall satisfaction* providing wealth professionals with the technology required to efficiently manage and add value to their clients,https://www.linkedin.com/company/netwealth-investments-limited/,https://ecosystem.innovationvictoria.com/companies/netwealth_1,33,,operational,,
NetworksX,startup,commission,https://networksx.co,early stage,2021,11-50,legal,Melbourne,"West Melbourne, Melbourne, City of Melbourne, Victoria, 3003, Australia",NetworksX is a modern day research firm headquartered in Australia connecting clients with the human insights and knowledge they require to make decisions,https://www.linkedin.com/company/networksx-au/,https://ecosystem.innovationvictoria.com/companies/networksx,2,610001,operational,,
NeuroInsight,,manufacturing,http://neuro-insight.com,early stage,2005,11-50,health,Melbourne,"Melbourne, Australia",Neuro-Insight is a market research company that uses unique brain-imaging technology to measure how the brain responds to communications.,https://www.linkedin.com/company/neuro-insight/,https://ecosystem.innovationvictoria.com/companies/neuroinsight,1,,operational,,
Neverland Store,scaleup,subscription;marketplace & ecommerce,http://neverlandstore.com.au,breakout stage,2011,51-200,fashion,Melbourne,"104 McEwan Rd, Heidelberg West, Victoria 3081, AU",Australian youth streetwear and fashion apparel retailer.,https://www.linkedin.com/company/neverland-store/,https://ecosystem.innovationvictoria.com/companies/neverland_store,6,,operational,,
Nexifi,startup,big data;subscription;saas,http://nexifi.com.au,early stage,2025,11-50,enterprise software,Melbourne,"Melbourne, City of Melbourne, Victoria, Australia","Integrating Product, CX, AI, and Digital Delivery to enhance business outcomes and customer loyalty",https://www.linkedin.com/company/nexifi-pty-ltd/,https://ecosystem.innovationvictoria.com/companies/nexifi_1,3,,operational,,
Next Level Collaboration,startup,subscription;saas,http://nextlevelcollaboration.com,early stage,2020,11-50,gaming;kids,Melbourne,"Melbourne, Australia",Games-based social skills programs for the neurodivergent community,https://www.linkedin.com/company/nextlevelcollaboration/,https://ecosystem.innovationvictoria.com/companies/next_level_collaboration,1,520001,operational,,
nexwave,startup,artificial intelligence;big data;saas,http://nexwave.com.au,early stage,2025,11-50,enterprise software,Melbourne,"Melbourne, City of Melbourne, Victoria, 3000, Australia",AI-native consulting for data and cloud transformation,https://www.linkedin.com/company/nexwavegroup/,https://ecosystem.innovationvictoria.com/companies/nexwave_1,1,,operational,,
Nimo Industries,startup,machine learning;mobile app;big data;artificial intelligence;subscription;saas,https://nimoindustries.com,early stage,2019,11-50,fintech;real estate,Melbourne,"Degani Bakery Cafe, 710, Collins Street, Batman's Hill, Docklands, Melbourne, City of Melbourne, Victoria, 3008, Australia","Online Lending Platform, delivered at scale in days not months",https://www.linkedin.com/company/nimoindustries/,https://ecosystem.innovationvictoria.com/companies/nimo_industries,2,100001,operational,,
Noisy Beast,scaleup,advertising,https://www.noisybeast.com/,breakout stage,2012,51-200,marketing,Melbourne,"114, Flinders Street, East End Theatre District, Melbourne, City of Melbourne, Victoria, 3000, Australia",Integrated creative agency amplifying brand voices through strategic communication and innovative marketing solutions,https://www.linkedin.com/company/noisy-beast/,https://ecosystem.innovationvictoria.com/companies/noisy_beast,8,,operational,,
Nomad Atomics,startup,deep tech;autonomous & sensor tech;quantum technologies;selling own inventory;manufacturing,https://www.nomadatomics.com/,early stage,2021,11-50,engineering and manufacturing equipment,Melbourne,"Nomad Atomics, 33-35, Elizabeth Street, Richmond, Melbourne, City of Yarra, Victoria, 3121, Australia","Developing innovative quantum sensors to change the game in mining, underground resources and navigation",https://www.linkedin.com/company/nomadatomics/,https://ecosystem.innovationvictoria.com/companies/nomad_atomics,5,18545455,operational,,
NXTGEN Industries,startup,manufacturing,http://nxtgenindustries.com.au,early stage,2019,2-10,robotics;transportation,Melbourne,"36, Hume Road, Laverton North, Melbourne, City of Wyndham, Victoria, 3026, Australia",Robotics and data intelligence solutions for autonomous fleet management and AI-powered inspections of railway infrastructure and rolling stock,https://www.linkedin.com/company/nxtgenindustries/,https://ecosystem.innovationvictoria.com/companies/nxtgen_industries,6,,operational,,
O3,startup,mobile app;subscription;saas,http://o3space.org,early stage,2024,11-50,media;enterprise software,Melbourne,"Queens Bridge Street, Southbank, Melbourne, City of Melbourne, Victoria, 3006, Australia",Redefining social networking by blending digital presence with physical coworking cafés,https://www.linkedin.com/company/o3workspace/,https://ecosystem.innovationvictoria.com/companies/o3_2,1,,operational,,
Ocean Software,,subscription,http://ocean.software,breakout stage,1993,51-200,health,Melbourne,"3000 Melbourne, Australia","Ocean Software designs, develops, and delivers Enterprise Software solutions for military, government, and corporate customers",https://www.linkedin.com/company/ocean-software/,https://ecosystem.innovationvictoria.com/companies/ocean_software,5,,operational,,
Officeworks,,marketplace & ecommerce,http://officeworks.com.au,early stage,,,,Melbourne,"Chadstone, Melbourne, City of Monash, Victoria, 3148, Australia",,https://www.linkedin.com/company/officeworks/,https://ecosystem.innovationvictoria.com/companies/officeworks_1,22,,operational,,
Oho,startup,artificial intelligence;big data;machine learning;subscription;saas,http://weareoho.com,early stage,2016,11-50,security;enterprise software,Melbourne,"Sussan, 672-674, Burke Road, Camberwell, Melbourne, City of Boroondara, Victoria, 3124, Australia",Automated safeguarding and credential verification platform,https://www.linkedin.com/company/weareoho/,https://ecosystem.innovationvictoria.com/companies/oho,2,2000001,operational,,
Online Education Services,scaleup,saas,http://www.oes.edu.au,late stage,2011,501-1000,education,Melbourne,"600, Saint Kilda Road, 3004 Melbourne, Australia","Provider of online education services. The companionway's online education services include online course design, student support, student support, online learning experience, marketing and recruitment, student life cycle management, remote workforce",https://www.linkedin.com/company/online-education-services/,https://ecosystem.innovationvictoria.com/companies/online_education_services,67,,operational,,
Oolio,startup,subscription;saas,http://oolio.com,breakout stage,2022,51-200,fintech,Melbourne,"William Street, West Melbourne, Melbourne, City of Melbourne, Victoria, 3003, Australia",,https://www.linkedin.com/company/oolio-au/,https://ecosystem.innovationvictoria.com/companies/oolio,8,,operational,,
Openlot.com.au,startup,big data;artificial intelligence;subscription;advertising;marketplace & ecommerce,http://www.openlot.com.au/,early stage,2019,11-50,real estate,Melbourne,"3000 Melbourne, Australia",One-stop-shop for the house & land search,https://www.linkedin.com/company/openlot-com-au/,https://ecosystem.innovationvictoria.com/companies/openlot_com_au,4,,operational,,
Operandio,startup,subscription;saas,http://operandio.com,early stage,2019,11-50,enterprise software,Melbourne,"Melbourne, Australia",Operandio helps you digitize processes & checklists so your business can perform at its best,http://www.linkedin.com/company/operandio,https://ecosystem.innovationvictoria.com/companies/operandio,2,,operational,,
Orikan,,commission;saas,http://orikan.com,early stage,1993,51-200,enterprise software,Melbourne,"30, Convention Centre Place, South Wharf, Melbourne, City of Melbourne, Victoria, 3006, Australia","PCI-DSS certified, highly secure and always dependable",https://www.linkedin.com/company/orikan/,https://ecosystem.innovationvictoria.com/companies/orikan,4,,acquired,,
Orivet,startup,subscription,https://www.orivet.com/,early stage,2021,11-50,wellness beauty,Melbourne,"3182 Melbourne, Australia",Genetic testing and personalized wellness plans for pets.,https://linkedin.com/company/orivet-genetics,https://ecosystem.innovationvictoria.com/companies/orivet,1,,operational,,
Orkestra Technologies,startup,subscription;saas,https://www.orkestra.energy/,early stage,2020,11-50,energy;enterprise software,Melbourne,"Melbourne, City of Melbourne, Victoria, Australia",Reinventing feasibility analysis for grid-connected energy projects,https://www.linkedin.com/company/orkestraenergy/,https://ecosystem.innovationvictoria.com/companies/orkestra_technologies,1,3662727,operational,,
O’Brien Boiler Services,,manufacturing,http://obrien-energy.com.au,breakout stage,2000,51-200,energy,Melbourne,"Sunshine, Station Place, Sunshine, Melbourne, City of Brimbank, Victoria, 3020, Australia","O’Brien is the leading boiler supplier along with offering boiler repair, installation, maintenance and all",https://www.linkedin.com/company/o-brien-boiler-services/,https://ecosystem.innovationvictoria.com/companies/o_brien_boiler_services_pty_ltd,1,50000,operational,,
Pact Group,,selling own inventory;manufacturing,https://pactgroup.com,late stage,2002,501-1000,energy;marketing,Melbourne,"Building 3, 658 Church Street, Cremorne, Melbourne, Victoria 3121, AU","Global provider of innovative packaging, reuse and recycling solutions that drives circular economy practices by keeping valuable materials in circulation and reducing waste",https://www.linkedin.com/company/pact-group-holdings-ltd/?originalsubdomain=au,https://ecosystem.innovationvictoria.com/companies/pact_group,2,,acquired,,
PageUp,,deep tech;subscription;saas,http://www.pageuppeople.com/,early stage,1997,201-500,jobs recruitment;enterprise software,Melbourne,"91, William Street, Melbourne, Australia",A leading provider of talent management software,https://www.linkedin.com/company/pageup/,https://ecosystem.innovationvictoria.com/companies/pageup_people,9,15454545,acquired,,
PaperCut Software International,,subscription,http://papercut.com,breakout stage,1998,201-500,fintech,Melbourne,"Prospect Hill Road, Camberwell, Melbourne, City of Boroondara, Victoria, 3124, Australia",Print Management that saves the Earth,https://www.linkedin.com/company/papercut-software/,https://ecosystem.innovationvictoria.com/companies/papercut_software_international,8,,operational,,
Paragon Care,scaleup,commission,http://paragoncare.com.au,breakout stage,2008,201-500,health,Melbourne,"3179 Melbourne, Australia","Recognized as a leading provider of equipment, devices and consumables to the healthcare market",https://www.linkedin.com/company/paragon-care-group/,https://ecosystem.innovationvictoria.com/companies/paragon_care,12,,acquired,,
PassivEnergy PtyLtd,startup,commission;manufacturing,http://passivenergy.com.au,early stage,2016,2-10,energy,Melbourne,"214, Bay Street, Brighton, Melbourne, City of Bayside, Victoria, 3186, Australia",ESD Consultant | ESD Consultancy - PassivEnergy Pty Ltd,https://www.linkedin.com/company/passivenergyaus/,https://ecosystem.innovationvictoria.com/companies/passivenergy_ptyltd,1,,operational,,
Pathfindr,startup,artificial intelligence;commission;saas,https://pathfindr.ai,early stage,2024,11-50,enterprise software,Melbourne,"180, Flinders Street, East End Theatre District, Melbourne, City of Melbourne, Victoria, 3000, Australia",AI accelerator for corporate training and capability,https://www.linkedin.com/company/pathfindr-ai/,https://ecosystem.innovationvictoria.com/companies/pathfindr1,1,,acquired,,
Patona,startup,subscription;saas,https://teamified.com,breakout stage,2020,51-200,jobs recruitment,Melbourne,"Melbourne, City of Melbourne, Victoria, Australia",Helps businesses build remote teams,https://www.linkedin.com/company/teamified1/,https://ecosystem.innovationvictoria.com/companies/patona_2,1,,operational,,
Pay.com.au,startup,commission,https://Pay.com.au,breakout stage,2019,51-200,fintech,Melbourne,"Riddell Parade, Elsternwick, Melbourne, City of Glen Eira, Victoria, 3185, Australia",Unified payments platform that rewards business payments,https://www.linkedin.com/company/pay-com-au/,https://ecosystem.innovationvictoria.com/companies/pay_com_au,15,29999999,operational,,
Pegasus International Group,scaleup,commission;manufacturing,https://bepegasus.com,early stage,2009,2-10,transportation,Melbourne,"Mount Waverley, Waverley Rail Trail, Mount Waverley, Melbourne, City of Monash, Victoria, 3149, Australia",The world's first truly drivable VOTL Flying Car that fits in your garage. No Runway Required,https://www.linkedin.com/company/pegasus-international-group/,https://ecosystem.innovationvictoria.com/companies/pegasus_international_group,1,198050,operational,,
PEXA,scaleup,subscription;saas,http://pexa.com.au,late stage,2010,501-1000,fintech;real estate,Melbourne,"Collins Street, Batman's Hill, Docklands, Melbourne, City of Melbourne, Victoria, 3008, Australia",Digital property exchange and settlement platform.,https://www.linkedin.com/company/pexa/,https://ecosystem.innovationvictoria.com/companies/property_exchange_australia_pexa_,14,,acquired,,
Pipelabs,startup,,http://pipelabs.com.au,early stage,2019,11-50,marketing,Melbourne,"Melbourne, Victoria 3000, AU",Pipelabs - Custom Software Melbourne,https://www.linkedin.com/company/pipelabs/,https://ecosystem.innovationvictoria.com/companies/pipelabs,1,,operational,,
Pivot Professional Learning,scaleup,subscription;saas,http://pivotpl.com,early stage,2014,11-50,education,Melbourne,"Russell Street, 3040 Melbourne, Australia","Pivot is the feedback platform for schools. Helping schools and systems improve teaching practice, student wellbeing and leadership with actionable, data-informed insights",https://www.linkedin.com/company/pivot-professional-learning/,https://ecosystem.innovationvictoria.com/companies/pivot_professional_learning,1,2899999,operational,,
Planet Innovation,scaleup,,http://www.planetinnovation.com,breakout stage,2009,201-500,health;robotics,Melbourne,"436, Elgar Road, Box Hill, Melbourne, City of Whitehorse, Victoria, 3128, Australia",Planet Innovation | Product Development & Commercialization,https://www.linkedin.com/company/planet-innovation-pty-ltd/,https://ecosystem.innovationvictoria.com/companies/planet_innovation,2,20100001,operational,,
PlayHQ,startup,subscription,http://playhq.com,breakout stage,2018,51-200,sports,Melbourne,"Melbourne, City of Melbourne, Victoria, Australia",Unified platform for managing community sport,https://www.linkedin.com/company/playhqsports/,https://ecosystem.innovationvictoria.com/companies/playhq,1,,operational,,
Plexus,scaleup,subscription;commission;saas,http://plexus.co,breakout stage,2011,51-200,legal;enterprise software,Melbourne,"Collins Street, Melbourne, City of Melbourne, Victoria, 3000, Australia",Plexus | Transforming legal value,https://www.linkedin.com/company/plexus-legal/,https://ecosystem.innovationvictoria.com/companies/plexus_1_2,8,7650000,operational,,
Power Diary,scaleup,saas,https://zandahealth.com,breakout stage,2010,51-200,health;enterprise software,Melbourne,"Brighton, Melbourne, City of Bayside, Victoria, 3186, Australia",Practice Management Software to automate and simplify your health clinic,https://www.linkedin.com/company/zandahealth/,https://ecosystem.innovationvictoria.com/companies/powerdiary,1,,operational,,
Powersensor,startup,mobile app;selling own inventory;manufacturing,https://www.powersensor.com.au/,early stage,2021,2-10,energy,Melbourne,"Melbourne, City of Melbourne, Victoria, 3000, Australia","Providing real-time energy, solar and appliance data in a decentralised energy market",https://www.linkedin.com/company/powersensor/,https://ecosystem.innovationvictoria.com/companies/powersensor,2,,operational,,
Praemium,,subscription;saas,http://praemium.com,breakout stage,2001,201-500,fintech,Melbourne,"Optus Centre, 367, Collins Street, Melbourne, Southbank, Melbourne, City of Melbourne, Victoria, 3000, Australia",The platform for where you're going next · Remarkable technology & investment propositions for the next step of your journey,https://www.linkedin.com/company/praemium/,https://ecosystem.innovationvictoria.com/companies/praemium,12,,acquired,,
preezie,startup,machine learning;artificial intelligence,http://preezie.com,early stage,2017,11-50,marketing,Melbourne,"15, William Street, 3000 Melbourne, Australia",A retail experience platform. Empowering shopping experiences through individuality,https://www.linkedin.com/company/preezie/,https://ecosystem.innovationvictoria.com/companies/preezie,1,6559999,operational,,
Private Media,,,http://privatemedia.com.au,early stage,2003,11-50,media,Melbourne,"3000 Melbourne, Australia","Fiercely independent digital media company whose publications include crikey, smartcompany and the mandarin",https://www.linkedin.com/company/private-media/,https://ecosystem.innovationvictoria.com/companies/private_media,5,,operational,,
Propel Ventures,startup,,https://www.propelventures.com.au/,early stage,2017,,,Melbourne,"Hill Street, Cremorne, Melbourne, City of Yarra, Victoria, 3121, Australia",We offer a unique blend of software development and product strategy services to help you achieve unbeatable product success,,https://ecosystem.innovationvictoria.com/companies/propel_ventures,7,,operational,,
Prosessed,startup,artificial intelligence;subscription;saas,https://prosessed.ai,early stage,2023,11-50,food;enterprise software,Melbourne,"Clyde, Melbourne, City of Casey, Victoria, 3978, Australia",Document processing with AI-powered automation for enhanced efficiency and accuracy,https://www.linkedin.com/company/prosessed/,https://ecosystem.innovationvictoria.com/companies/prosessed_making_businesses_efficient,1,,operational,,
PURAU PTY LTD,startup,selling own inventory;manufacturing,http://purau.com.au,early stage,2020,2-10,wellness beauty,Melbourne,"Melbourne, City of Melbourne, Victoria, Australia","You may expect clearer skin, calmer insides and good feelings all over",https://www.linkedin.com/company/purau-health/,https://ecosystem.innovationvictoria.com/companies/purau_pty_ltd,1,257645,operational,,
QByte Studios,startup,advertising,http://qbytestudios.com,early stage,2024,11-50,gaming,Melbourne,"Melbourne, City of Melbourne, Victoria, Australia",Indie game development studio for immersive experiences.,https://www.linkedin.com/company/qbyte-studios/,https://ecosystem.innovationvictoria.com/companies/qbyte_studios,3,,operational,,
QSIC,scaleup,subscription;saas,http://www.getqsic.com,breakout stage,2012,51-200,media;enterprise software,Melbourne,"18 - 28, Flockhart Street, Carlton & United Beverages Brewery, Abbotsford, Melbourne, City of Yarra, Victoria, 3121, Australia",We use music to analytically drive sales in business,https://www.linkedin.com/company/qsic/,https://ecosystem.innovationvictoria.com/companies/qsic,5,46936363,operational,,
Quest Payment Systems,,subscription;saas,http://questpaymentsystems.com,breakout stage,1991,51-200,fintech,Melbourne,"227 Burwood Rd, Hawthorn, VIC 3122, AU",All Australian technology company diverse and innovative end-to-end payment solutions to retailers and financial institutions both locally and abroad,https://www.linkedin.com/company/quest-payment-systems/,https://ecosystem.innovationvictoria.com/companies/quest_payment_systems,2,,operational,,
RateMyAgent,scaleup,commission;subscription;marketplace & ecommerce,http://ratemyagent.com.au,early stage,2014,51-200,real estate,Melbourne,"Balmain Street, Cremorne, Melbourne, City of Yarra, Victoria, 3121, Australia",Online platform that lists every real estate agent,https://www.linkedin.com/company/ratemyagent/,https://ecosystem.innovationvictoria.com/companies/ratemyagent,1,15818180,acquired,,
REA Group,,marketplace & ecommerce,http://rea-group.com,late stage,1995,1001-5000,real estate,Melbourne,"Richmond, Melbourne, City of Yarra, Victoria, 3121, Australia","Digital property advertising, data, and finance solutions.",https://www.linkedin.com/company/rea-group/,https://ecosystem.innovationvictoria.com/companies/rea_group,57,,operational,,
ReadCloud,scaleup,,http://readcloud.com,early stage,2009,11-50,media,Melbourne,"284 Bay St, Brighton, Victoria 3186, AU",Social e-learning platform built for australian secondary schools,https://www.linkedin.com/company/readcloud/,https://ecosystem.innovationvictoria.com/companies/readcloud,1,,operational,,
Realm Investment House,scaleup,commission;saas,https://realminvestments.com.au,early stage,2012,11-50,fintech,Melbourne,"3000, Frankston - Flinders Road, Balnarring, Melbourne, Shire of Mornington Peninsula, Victoria, 3927, Australia",Outcome-oriented fund management delivering high returns through market intelligence and quantitative frameworks,https://www.linkedin.com/company/realm-investment-house/,https://ecosystem.innovationvictoria.com/companies/realm_investment_house,1,,operational,,
ReciMe,startup,mobile app;subscription;saas,https://www.recime.app/,early stage,2020,11-50,food,Melbourne,"Melbourne, City of Melbourne, Victoria, Australia",A mobile app making home cooking simple and fun for everyone,https://www.linkedin.com/company/recimeapp/,https://ecosystem.innovationvictoria.com/companies/recime_app,4,2000001,operational,,
Redenlab,startup,big data;deep learning;artificial intelligence,https://redenlab.com,early stage,2017,11-50,health,Melbourne,"3000 Melbourne, Australia",Redenlab’s digital speech platform supports the delivery of meaningful outcomes through the objective measurement of communication,https://www.linkedin.com/company/redenlab/,https://ecosystem.innovationvictoria.com/companies/redenlab,1,2500000,operational,,
RedZed,scaleup,commission;marketplace & ecommerce,http://redzed.com,breakout stage,2006,51-200,fintech,Melbourne,"Melbourne, City of Melbourne, Victoria, Australia","Residential, commercial, and SMSF loans empowering small business owners and self-employed Australians",https://www.linkedin.com/company/redzedaustralia/,https://ecosystem.innovationvictoria.com/companies/redzed,5,,operational,,
Refr,startup,artificial intelligence;commission;saas;marketplace & ecommerce,http://refr.com.au,early stage,2024,2-10,health;enterprise software,Melbourne,"Montmorency, Melbourne, City of Banyule, Victoria, 3094, Australia","Enables allied health clinicians in Australia to generate Medicare-compliant referrals swiftly, enhancing patient care delivery",https://www.linkedin.com/company/refr-health/,https://ecosystem.innovationvictoria.com/companies/refr_1,2,,low-activity,,
Regis Aged Care,,,http://regis.com.au,late stage,1993,1001-5000,real estate,Melbourne,"3143 Melbourne, Australia",A leading private provider of quality residential aged care to older Australians,https://www.linkedin.com/company/regis-agedcare,https://ecosystem.innovationvictoria.com/companies/regis_aged_care,98,,acquired,,
Relectrify,scaleup,deep tech;subscription;selling own inventory;saas;manufacturing,http://relectrify.com,breakout stage,2015,51-200,energy,Melbourne,"Grosvenor Street, Abbotsford, Melbourne, City of Yarra, Victoria, 3067, Australia",Relectrify creates affordable and sustainable energy storage by combining second-life batteries with advanced management technology,https://www.linkedin.com/company/relectrify/,https://ecosystem.innovationvictoria.com/companies/relectrify,2,53449088,operational,,
Relomate,startup,commission;subscription,https://relomate.co/,early stage,2020,2-10,travel;real estate,Melbourne,"243 Franklin St, Melbourne, Victoria 3000, AU",Relomate is a B2B platform for a holistic relocation journey,https://www.linkedin.com/company/relomate,https://ecosystem.innovationvictoria.com/companies/relomate,2,,operational,,
Render,scaleup,deep tech;big data;saas,https://rendernetworks.com/,early stage,2013,51-200,transportation;enterprise software,Melbourne,"Crescent Road, Glen Iris, Melbourne, City of Boroondara, Victoria, 3146, Australia",Render | A geospatial network deployment solution,https://www.linkedin.com/company/render-networks/,https://ecosystem.innovationvictoria.com/companies/render_1,3,20000000,acquired,,
Rendr Delivery,startup,mobile app;commission;marketplace & ecommerce,https://rendr.delivery/,early stage,2018,11-50,home living;transportation,Melbourne,"Donvale, Melbourne, City of Manningham, Victoria, 3111, Australia","Offers products in hardware, fashion homewares and so much more, all conveniently delivered directly home",https://www.linkedin.com/company/rendrdelivery/,https://ecosystem.innovationvictoria.com/companies/rendr_delivery,2,2100000,acquired,,
Restoke,startup,artificial intelligence,https://restoke.ai/,early stage,2020,11-50,food,Melbourne,"South Melbourne, Melbourne, City of Port Phillip, Victoria, 3205, Australia",Restoke - Process automation and team management for Restaurants,https://www.linkedin.com/company/restoke-ai/,https://ecosystem.innovationvictoria.com/companies/restoke,3,5200001,operational,,
RightShip,,commission;saas,https://www.rightship.com/,breakout stage,2001,201-500,security;transportation,Melbourne,"20, Collins Street, 3000 Melbourne, Australia",The world's leading maritime risk management and environmental assessment organisation,https://www.linkedin.com/company/rightship/,https://ecosystem.innovationvictoria.com/companies/rightship,8,,operational,,
Robotic Marketer,startup,artificial intelligence;machine learning;advertising;saas,http://roboticmarketer.com,early stage,2016,11-50,marketing,Melbourne,"485, Malvern Road, South Yarra, Melbourne, City of Stonnington, Victoria, 3141, Australia","Uses AI to quickly create comprehensive, results-driven marketing strategies for businesses and agencies",https://www.linkedin.com/company/robotic-marketer/,https://ecosystem.innovationvictoria.com/companies/robotic_marketer,1,1700000,operational,,
Roller,scaleup,commission;saas,http://www.roller.software,late stage,2011,201-500,event tech;enterprise software,Melbourne,"City Road, Southbank, Melbourne, City of Melbourne, Victoria, 3006, Australia",An all-in-one software solution for leisure and entertainment venues,https://www.linkedin.com/company/roller/,https://ecosystem.innovationvictoria.com/companies/roller_2,13,198677001,operational,,
rome2rio,scaleup,commission;marketplace & ecommerce,http://rome2rio.com,early stage,2010,501-1000,travel,Melbourne,"Richmond, Melbourne, City of Yarra, Victoria, 3121, Australia","Discover how to get anywhere by plane, train, bus, ferry and automobile",https://www.linkedin.com/company/rome2rio-pty-ltd/,https://ecosystem.innovationvictoria.com/companies/rome2rio,1,4852727,acquired,,
RSEA,,,http://rsea.com.au,early stage,1993,201-500,fashion,Melbourne,"1601 Malvern Rd, Ground Floor, Glen Iris, Victoria 3146, AU","Specialist provider of workwear, personal and workplace safety and, hirer of road safety equipment",https://www.linkedin.com/company/rsea/,https://ecosystem.innovationvictoria.com/companies/rsea,7,,acquired,,
Rubicon Associates,scaleup,commission;manufacturing,http://rubiconassociates.com.au,early stage,2015,11-50,energy;transportation,Melbourne,"Melbourne, City of Melbourne, Victoria, Australia","Rubicon is an Australian maritime consulting engineering firm that provides a broad range of consulting, design, and engineering services",https://www.linkedin.com/company/rubicon-associates-pty--ltd-/,https://ecosystem.innovationvictoria.com/companies/rubicon_associates,1,30000,operational,,
RUBIX,scaleup,big data;commission;saas,https://www.rubix.com.au,early stage,2011,11-50,enterprise software,Melbourne,"360, Elizabeth Street, Melbourne, City of Melbourne, Victoria, 3000, Australia",An Australian data software and services technology company,https://www.linkedin.com/company/wearerubix/,https://ecosystem.innovationvictoria.com/companies/rubix_5,5,,operational,,
Safety Champion Software,startup,,http://www.safetychampion.com.au,early stage,2016,11-50,legal,Melbourne,"Church Street, Richmond, Melbourne, City of Yarra, Victoria, 3121, Australia",Simple and affordable health and safety software for SMEs,https://www.linkedin.com/company/safety-champion-software/,https://ecosystem.innovationvictoria.com/companies/safety_champion_software,2,,operational,,
SALT LAB,scaleup,saas,https://www.saltlaboratory.com/,early stage,2014,2-10,health;enterprise software,Melbourne,"Taras Avenue, Altona North, Melbourne, City of Hobsons Bay, Victoria, 3025, Australia","Clementine spent months on rigorous research and product development until she launched Salt Lab in 2015; an easy-to-use, 100% natural, vegan, effective Australian owned and made magnesium brand",https://www.linkedin.com/company/salt-lab-pty-ltd/,https://ecosystem.innovationvictoria.com/companies/salt_lab,1,,acquired,,
Saphyroo,startup,artificial intelligence;commission;saas,http://saphyroo.com,early stage,2022,11-50,transportation,Melbourne,"Randor Street, Campbellfield, Melbourne, City of Hume, Victoria, 3061, Australia",Discover the future of Australian transport,https://www.linkedin.com/company/saphyroo/,https://ecosystem.innovationvictoria.com/companies/saphyroo,4,,operational,,
Sapyen,startup,commission;marketplace & ecommerce,https://sapyen.co,early stage,2021,11-50,health,Melbourne,"120, Spencer Street, Melbourne, City of Melbourne, Victoria, 3000, Australia",At-Home Male Fertility Diagnostics,https://www.linkedin.com/company/sapyenco/,https://ecosystem.innovationvictoria.com/companies/sapyen,5,190001,operational,,
Say I do,startup,commission;saas,http://sayi.do,early stage,2016,2-10,event tech,Melbourne,"104 Victoria St, Melbourne, Victoria AU",Wedding website builder with an inbuilt RSVP system,https://www.linkedin.com/company/sayido-weddings/,https://ecosystem.innovationvictoria.com/companies/say_i_do,1,12500,operational,,
Scarlet & Sam,startup,selling own inventory;marketplace & ecommerce,http://scarletandsam.com,early stage,2021,2-10,fashion,Melbourne,"Melbourne, City of Melbourne, Victoria, Australia","Timeless essentials and unique pieces for your capsule wardrobe, blending contemporary comfort with vintage inspiration",https://www.linkedin.com/company/scarletandsam/,https://ecosystem.innovationvictoria.com/companies/scarlet_sam,1,,operational,,
SeenCulture,startup,subscription;saas,http://seenculture.com,early stage,2022,2-10,enterprise software,Melbourne,"King Street, Melbourne, City of Melbourne, Victoria, 3000, Australia","A platform for business leaders, enabling faster, better, and fairer decision-making through intelligence",https://www.linkedin.com/company/seenculture/,https://ecosystem.innovationvictoria.com/companies/seenculture,1,1340000,operational,,
SelfWealth,scaleup,commission,https://www.selfwealth.com.au/,early stage,2011,51-200,fintech,Melbourne,"130 Lonsdale, 130, Lonsdale Street, East End Theatre District, Melbourne, City of Melbourne, Victoria, 3000, Australia","Online community for investors, partnering to achieve a common purpose of better returns",https://www.linkedin.com/company/selfwealth/,https://ecosystem.innovationvictoria.com/companies/selfwealth,4,6645455,acquired,,
Seminal,startup,blockchain,https://seminalartistgroup.com,breakout stage,2019,51-200,legal;music,Melbourne,"Melbourne, City of Melbourne, Victoria, Australia",Publish Intellectual Property on Seminal,https://www.linkedin.com/company/seminal-one/,https://ecosystem.innovationvictoria.com/companies/seminal,1,4999999,operational,,
Sen,,advertising,http://sen.com.au,early stage,2004,11-50,sports,Melbourne,"473 Swan Street, Richmond, VIC 3121, AU",1116 SEN - Melbourne's Home of Sport,https://www.linkedin.com/company/pacific-star-network/,https://ecosystem.innovationvictoria.com/companies/sen_1,9,,low-activity,,
Sensor Dynamics,,subscription;manufacturing,http://sensordynamics.com.au,early stage,2004,11-50,transportation,Melbourne,"9 Redland Drive, Mitcham, Victoria 3132, AU",Australia's Leading ANPR - Automatic Number Plate Recognition Provider,https://www.linkedin.com/company/sensor-dynamics,https://ecosystem.innovationvictoria.com/companies/sensor_dynamics,1,,operational,,
Service Central,,marketplace & ecommerce,http://servicecentral.com.au,early stage,2005,11-50,marketing,Melbourne,"188 Johnston Street, Collingwood, Victoria 3066, AU",Service Central is the Easy Way to Find Trades & Services!,https://www.linkedin.com/company/service-central-aust-pty-ltd/,https://ecosystem.innovationvictoria.com/companies/service_central_aust_pty,2,,acquired,,
Settify,startup,artificial intelligence;subscription;saas,http://settify.com,early stage,2017,11-50,legal;marketing,Melbourne,"Little Collins Street, Melbourne, City of Melbourne, Victoria, 3000, Australia","Highly personalised online client intake systems for Family Law, Probate, Estate Administration and Disputes",https://www.linkedin.com/company/settify/,https://ecosystem.innovationvictoria.com/companies/settify,4,,operational,,
SiSU Health,scaleup,big data;saas,http://sisuhealthgroup.com,early stage,2013,11-50,health,Melbourne,"Hawthorn, Melbourne, City of Boroondara, Victoria, 3122, Australia","We help ease the effects of lifestyle-related diseases on healthcare systems, through an accessible platform that helps people globally live a healthy life",https://www.linkedin.com/company/sisuhealthgroup/,https://ecosystem.innovationvictoria.com/companies/sisu_wellness_pty_ltd,3,2740963,operational,,
Sked Social,scaleup,saas,http://www.skedsocial.com,early stage,2013,2-10,enterprise software,Melbourne,"585, Little Collins Street, 3000 Melbourne, Australia",Provider of an Instagram profile management tool. The company offers enterprises and brands the ability to manage multiple Instagram accounts and schedule their Instagram posts without the need of logging into each account separately,https://www.linkedin.com/company/skedsocial/,https://ecosystem.innovationvictoria.com/companies/sked_social,1,,operational,,
Sleeping Duck,scaleup,selling own inventory;manufacturing,http://sleepingduck.com,breakout stage,2014,51-200,home living,Melbourne,"8 Carlton St, Prahran, Victoria 3181, AU","Manufacturing fully customizable mattresses, pillows and sheets",https://www.linkedin.com/company/sleepingduck/,https://ecosystem.innovationvictoria.com/companies/sleeping_duck,1,,operational,,
Smiling mind,scaleup,mobile app;subscription,https://www.smilingmind.com.au/,early stage,2012,11-50,education;kids,Melbourne,"55 Cromwell Street, Collingwood, Victoria 3067, AU","Unique web and app-based program, designed to help bring balance to peoples lives through modern meditation",https://www.linkedin.com/company/smiling-mind/,https://ecosystem.innovationvictoria.com/companies/smiling_mind,1,,operational,,
Social Garden,scaleup,subscription,http://socialgarden.com.au,breakout stage,2012,51-200,media;marketing,Melbourne,"3000 Melbourne, Australia",Marketing automation company focusing in in high value business to consumer markets,https://www.linkedin.com/company/thegarden-au/,https://ecosystem.innovationvictoria.com/companies/social_garden,1,500001,operational,,
SPARC AI,startup,artificial intelligence;augmented reality;autonomous & sensor tech;subscription;saas,https://www.sparcai.co/,early stage,2018,2-10,enterprise software,Melbourne,"90 Collins Street, 90, Collins Street, East End Theatre District, Melbourne, City of Melbourne, Victoria, 3000, Australia",Designs and develops high tech solutions for GPS denied environments that enhance perception and awareness,https://www.linkedin.com/company/sparc-ai/,https://ecosystem.innovationvictoria.com/companies/sparc_ai,1,,operational,,
Spark Health,scaleup,subscription,http://sparkhealth.com,early stage,2009,2-10,health,Melbourne,"3072 Melbourne, Australia","At Spark Health Clinic, our Naturopathic Doctors offer truly personalized integrative functional medicine to the community",https://www.linkedin.com/company/spark-health-australia/,https://ecosystem.innovationvictoria.com/companies/spark_health_1,1,,operational,,
Spawnpoint Media,scaleup,advertising;saas,http://spawnpointmedia.com,breakout stage,2010,51-200,media,Melbourne,"Collingwood, Melbourne, City of Yarra, Victoria, 3066, Australia",Data-driven YouTube content production for family audiences,https://www.linkedin.com/company/spawnpoint-media/,https://ecosystem.innovationvictoria.com/companies/spawnpoint_media,6,,operational,,
SPEE3D,scaleup,deep tech;selling own inventory;manufacturing,https://www.spee3d.com/,early stage,2015,11-50,robotics,Melbourne,"5 Wayne Court, Dandenong, Melbourne, Victoria 3175, AU",Develops technology for industrial and commercial manufacturing of copper or aluminum components,https://www.linkedin.com/company/spee3d/,https://ecosystem.innovationvictoria.com/companies/spee3d,1,2355299,operational,,
Sponstar,startup,mobile app;advertising,http://sponstar.io,early stage,2024,2-10,event tech,Melbourne,"Melbourne, City of Melbourne, Victoria, Australia",Marketplace connecting brands with major events for strategic sponsorships and enhanced visibility,https://www.linkedin.com/company/sponstar/,https://ecosystem.innovationvictoria.com/companies/sponstar,1,,operational,,
Sportsbrand Media Group,,advertising;saas,http://auroramedia.com,early stage,,2-10,media,Melbourne,"141-147, Capel Street, North Melbourne, Melbourne, City of Melbourne, Victoria, 3051, Australia","Production of compelling global sport, adventure, and lifestyle content, showcasing human achievement via high-quality, multi-platform coverage",https://www.linkedin.com/company/sportsbrand-media-group/,https://ecosystem.innovationvictoria.com/companies/sportsbrand_media_group,2,,operational,,
Stile Education,scaleup,subscription;saas,http://www.stileeducation.com,early stage,2012,51-200,education,Melbourne,"128, Exhibition Street, 3000 Melbourne, Australia","Blends interactive science lessons, science news stories and hands-on investigations to empower students to observe, think, write, and argue like real scientists and engineers",https://www.linkedin.com/company/stileeducation/,https://ecosystem.innovationvictoria.com/companies/stile_education,2,,acquired,,
Strata Pages,startup,artificial intelligence;subscription,http://stratapages.com.au,early stage,2025,2-10,enterprise software,Melbourne,"Melbourne, City of Melbourne, Victoria, Australia","Online platform connecting owners, strata managers, and contractors for streamlined strata management in Australia",https://www.linkedin.com/company/stratapages/,https://ecosystem.innovationvictoria.com/companies/strata_pages,18,,operational,,
Studio Proper,scaleup,commission;marketplace & ecommerce,https://www.studioproper.com,early stage,2010,2-10,home living,Melbourne,"3000 Melbourne, Australia",Product design studio dedicated to simplifying everyday experiences with technology,https://www.linkedin.com/company/studio-proper/,https://ecosystem.innovationvictoria.com/companies/studio_proper,1,,operational,,
Style Sourcebook,startup,,http://www.stylesourcebook.com.au,early stage,2017,11-50,energy;home living,Melbourne,"South Melbourne, Melbourne, City of Port Phillip, Victoria, 3205, Australia","Style Sourcebook is a product sourcing and styling website to help you renovate and decorate. We bring together all the tools, people and ideas to help you create your perfect space",https://www.linkedin.com/company/stylesourcebook/,https://ecosystem.innovationvictoria.com/companies/style_sourcebook,2,1100000,operational,,
Support Fusion,startup,subscription;saas,https://suppfusion.com,early stage,2025,2-10,enterprise software,Melbourne,"Melbourne, City of Melbourne, Victoria, Australia",A zero-code platform that integrates helpdesk tickets between IT teams and Managed Service Providers,https://www.linkedin.com/company/support-fusion/,https://ecosystem.innovationvictoria.com/companies/support_fusion,1,1259999,operational,,
SyncEzy,scaleup,saas,http://www.syncezy.com,early stage,2012,11-50,enterprise software,Melbourne,"Casablanca Court, Marquands Corner, Truganina, Melbourne, City of Wyndham, Victoria, 3029, Australia",SyncEzy integrations applications using APIs and webhooks to fully automate business processes. We build Two way multilevel and on demand / trigger based integrations that mirror entire business processes,https://www.linkedin.com/company/syncezy/,https://ecosystem.innovationvictoria.com/companies/syncezy,3,,operational,,
Syncio,startup,,http://syncio.co,early stage,2017,11-50,marketing,Melbourne,"10-20 Gwynne St, Cremorne, Victoria 3121, AU",Syncio is Shopify app that allows multiple online stores to connect through real-time inventory sync,https://www.linkedin.com/company/syncio/,https://ecosystem.innovationvictoria.com/companies/syncio,1,,operational,,
Syncrowin,startup,artificial intelligence;subscription;saas,https://syncrowin.com.au,early stage,2024,2-10,enterprise software,Melbourne,"Southbank, Melbourne, City of Melbourne, Victoria, 3006, Australia","AI-driven industrial intelligence, transforming complex manufacturing data into actionable insights for smarter, greener operations",https://www.linkedin.com/company/syncrowin/,https://ecosystem.innovationvictoria.com/companies/syncrowin_software_solutions,4,,operational,,
T2 Tea,,marketplace & ecommerce,https://www.t2tea.com/en/uk/Home,early stage,1996,201-500,food,Melbourne,"Collingwood, Melbourne, City of Yarra, Victoria, 3066, Australia",Operates as a premium tea business company,https://www.linkedin.com/company/t2-tea/,https://ecosystem.innovationvictoria.com/companies/t2_tea,46,,acquired,,
Tablo,scaleup,,http://tablo.io,early stage,2013,2-10,media,Melbourne,"Stewart Street, Richmond, Melbourne, City of Yarra, Victoria, 3121, Australia",Tablo - Write & Discover Great Stories,https://www.linkedin.com/company/tablo-publishing/,https://ecosystem.innovationvictoria.com/companies/tablo_publishing,1,3121819,operational,,
Tallbob,scaleup,subscription;saas,http://tallbob.com,early stage,2012,11-50,enterprise software,Melbourne,"High Street, Prahran, Melbourne, City of Stonnington, Victoria, 3181, Australia",Tall Bob delivers mobile engagement solutions for SMS & MMS,https://www.linkedin.com/company/tall-bob/,https://ecosystem.innovationvictoria.com/companies/tallbob,2,,operational,,
Tally Group,startup,subscription;saas,http://tally.co,breakout stage,2021,2-10,enterprise software,Melbourne,"Cremorne, Melbourne, City of Yarra, Victoria, 3121, Australia","Leaders in custom cloud-based utility, billing and customer engagement software development with branches in Australia, New Zealand, USA, Japan, UAE and India",https://www.linkedin.com/company/futurex-technologies/,https://ecosystem.innovationvictoria.com/companies/futurex_technologies,2,80000001,operational,,
Tantalus Media,,,http://www.tantalus.com.au,early stage,1994,11-50,gaming,Melbourne,"Melbourne, Australia",One of the world’s leading independent development studios,https://www.linkedin.com/company/tantalus-media/,https://ecosystem.innovationvictoria.com/companies/tantalus_media,7,,acquired,,
Tasman Environmental Markets,scaleup,commission;marketplace & ecommerce,https://www.tasmanenvironmental.com.au/,early stage,2014,11-50,fintech;energy,Melbourne,"316-360, Elizabeth Street, Melbourne, City of Melbourne, Victoria, 3000, Australia",Technology-backed carbon trading and transaction systems,https://www.linkedin.com/company/tasman-environmental-markets/,https://ecosystem.innovationvictoria.com/companies/tasman_environmental_markets,1,9000001,operational,,
Telecomunication Industry Ombudsman- TIO,,,http://tio.com.au,breakout stage,1993,51-200,real estate,Melbourne,"Bourke St, Docklands, Victoria 3008, AU","Fast, free and fair dispute resolution service for small business and residential customers",https://www.linkedin.com/company/telecommunications-industry-ombudsman's-office/,https://ecosystem.innovationvictoria.com/companies/telecomunication_industry_ombudsman_tio,2,,operational,,
Telix Pharmaceuticals,scaleup,manufacturing,https://www.telixpharma.com,late stage,2015,1001-5000,health,Melbourne,"55 Flemington Rd, North Melbourne, Victoria 3051, AU",Telix Pharmaceuticals is a clinical-stage biopharamaceutical company,https://www.linkedin.com/company/telixpharma/,https://ecosystem.innovationvictoria.com/companies/telix_pharmaceuticals,42,23500001,operational,,
Termina,startup,commission;saas,https://termina.io/,early stage,2020,11-50,energy,Melbourne,"TAC House, 222, Exhibition Street, East End Theatre District, Melbourne, City of Melbourne, Victoria, 3000, Australia",Analyzing energy usage every month to find the best ways to save,,https://ecosystem.innovationvictoria.com/companies/threadlet,1,4636364,operational,,
Ticketebo Pty,scaleup,subscription;saas,http://ticketebo.com.au/,early stage,2013,2-10,event tech,Melbourne,"3000 Melbourne, Australia",Delivers pain free ticketing and registration solutions for event organisers and membership managers whatever their size,https://www.linkedin.com/company/ticketebo/,https://ecosystem.innovationvictoria.com/companies/ticketebo_pty,1,,operational,,
Tilt Renewables,startup,saas,https://www.tiltrenewables.com/,breakout stage,2016,51-200,enterprise software,Melbourne,"535, Bourke Street, 3000 Melbourne, Australia","Tilt Renewablesâ€™ vision is to be a leading developer and owner of renewable generation in Australia and New Zealand. We tilt with the wind, and will tilt towards the sun to generate greener energy. Our perspective is beyond the now and for the futu",https://www.linkedin.com/company/tilt-renewables/,https://ecosystem.innovationvictoria.com/companies/tilt_renewables,3,,operational,,
Time+Tide,scaleup,subscription;marketplace & ecommerce,http://timeandtidewatches.com,early stage,2014,11-50,fashion,Melbourne,"3000 Melbourne, Australia",Horological content publisher and community-based watch retailer.,https://www.linkedin.com/company/time-tide/,https://ecosystem.innovationvictoria.com/companies/time_tide_1,2,,operational,,
Titomic,scaleup,machine learning;deep tech;artificial intelligence;commission;manufacturing,http://titomic.com,breakout stage,2014,51-200,robotics;engineering and manufacturing equipment,Melbourne,"3168 Melbourne, Australia",High Speed Metal Additive Manufacturing,https://www.linkedin.com/company/titomic/,https://ecosystem.innovationvictoria.com/companies/titomic,2,5564307,operational,,
Tixel,startup,commission;marketplace & ecommerce,https://tixel.com,breakout stage,2017,51-200,event tech,Melbourne,"231 Chapel St, Prahran, Victoria 3181, AU",Built an event marketplace that helps fans get to their favorite shows without paying through the nose to be there,https://www.linkedin.com/company/tixelofficial/,https://ecosystem.innovationvictoria.com/companies/tixel_1,4,11459999,operational,,
Trajan,scaleup,commission;manufacturing,http://www.trajanscimed.com,late stage,2011,201-500,health,Melbourne,"Argent Place, Ringwood, Melbourne, City of Maroondah, Victoria, 3134, Australia","Develops and commercializes technologies related to analytical systems for biological, environmental, and food related measurements",https://www.linkedin.com/company/trajan-scientific-and-medical/,https://ecosystem.innovationvictoria.com/companies/trajan_scientific_medical,2,31513,operational,,
trendii,scaleup,artificial intelligence;deep tech;machine learning;computer vision;mobile app;advertising;saas,http://trendii.com,early stage,2014,11-50,fashion;marketing,Melbourne,"3000 Melbourne, Australia",Generative-AI tech for shoppable content and contextual ads,https://www.linkedin.com/company/trendii/,https://ecosystem.innovationvictoria.com/companies/trendii,1,2899999,operational,,
TRETAIL LABS,startup,saas,http://tretaillabs.com,early stage,2021,2-10,travel,Melbourne,"62, View Mount Road, Wheelers Hill, Melbourne, City of Monash, Victoria, 3150, Australia","Data intelligence solutions for travel, F&B, and retail sectors, optimizing growth through actionable insights",https://www.linkedin.com/company/tretail-labs/,https://ecosystem.innovationvictoria.com/companies/tretail_labs,1,386364,operational,,
TRIBE,scaleup,marketplace & ecommerce,http://tribegroup.co,breakout stage,2015,51-200,marketing,Melbourne,"Albert Road, South Melbourne, Melbourne, City of Port Phillip, Victoria, 3205, Australia",Influencer Marketing Platform For Brands & Agencies | TRIBE,https://www.linkedin.com/company/tribe/,https://ecosystem.innovationvictoria.com/companies/tribe_3,3,21660001,operational,,
Trillet AI,startup,artificial intelligence;subscription;saas,http://trillet.ai,early stage,2024,11-50,enterprise software,Melbourne,"Melbourne, City of Melbourne, Victoria, Australia",AI voice solutions for seamless customer service and workflow automation with real-time system integration,https://www.linkedin.com/company/trillet-ai/,https://ecosystem.innovationvictoria.com/companies/trillet_ai,1,,operational,,
TS Nano,startup,artificial intelligence;deep tech;machine learning;nanotech;manufacturing,https://www.tsnano.com.au/,early stage,2021,2-10,health,Melbourne,"Carlton, Melbourne, City of Melbourne, Victoria, 3053, Australia",Nanotechnology solutions for cancer and virus detection using AI and machine learning,,https://ecosystem.innovationvictoria.com/companies/ts_nano,1,20001,operational,,
Tucann,startup,selling own inventory;marketplace & ecommerce,http://tucann.com,early stage,2017,2-10,fashion,Melbourne,"8, Kalman Drive, Boronia, Melbourne, City of Knox, Victoria, 3155, Australia","Premium, compression-lined swimwear for men and women.",https://www.linkedin.com/company/tucann/,https://ecosystem.innovationvictoria.com/companies/tucann,1,,operational,,
Tutors Field,scaleup,hardware;commission;marketplace & ecommerce,http://www.tutorsfield.com.au,early stage,2014,2-10,education,Melbourne,"3000 Melbourne, Australia",Tutoring platform that works as a bridge between private home tutors and students,https://www.linkedin.com/company/tutors-field-australia/,https://ecosystem.innovationvictoria.com/companies/tutors_field,1,,operational,,
Twirll,scaleup,saas,http://twirll.com,early stage,2014,11-50,enterprise software,Melbourne,"Nepean Highway, Chelsea, Melbourne, City of Kingston, Victoria, 3196, Australia","Cloud platform through which businesses can run, automate and grow their business",https://www.linkedin.com/company/twirllcloud/,https://ecosystem.innovationvictoria.com/companies/twirll,1,,operational,,
Ulleo,startup,,http://ulleo.com,early stage,2020,11-50,education,Melbourne,"Melbourne, City of Melbourne, Victoria, Australia","Online, industry-co-created short courses for professional upskilling",https://www.linkedin.com/company/ulleo/,https://ecosystem.innovationvictoria.com/companies/ulleo,1,379999,operational,,
Uncommoncollectiveau,startup,subscription,http://uncommoncollectiveau.com,early stage,2021,2-10,education,Melbourne,"Victoria Parade, 3002 Melbourne, Australia","TO BUILD THINGS THAT MATTER, WITH THOSE THAT ENABLE YOU TO FLOURISH​",https://www.linkedin.com/company/its-uncommon/,https://ecosystem.innovationvictoria.com/companies/uncommoncollectiveau,1,,operational,,
Unexplores Tech Innovations,startup,commission;saas,https://unexplores.com,early stage,2024,2-10,,Melbourne,"Keon Park, Platform 1, Keon Park, Reservoir, Melbourne, City of Darebin, Victoria, 3073, Australia",,https://www.linkedin.com/company/unexplores-tech-innovations/,https://ecosystem.innovationvictoria.com/companies/unexplores_tech_innovations,1,,operational,,
Unified Healthcare Group,,marketplace & ecommerce,http://uhg.com.au,late stage,1997,501-1000,health,Melbourne,"3181 Melbourne, Australia",Online marketplace connecting business and healthcare providers in australia,https://www.linkedin.com/company/unified-healthcare-group/,https://ecosystem.innovationvictoria.com/companies/unified_healthcare_group,1,15800001,operational,,
United Energy,,,http://unitedenergy.com.au,breakout stage,1994,201-500,energy,Melbourne,"3149 Melbourne, Australia",Very large electricity distribution company,https://www.linkedin.com/company/united-energy/,https://ecosystem.innovationvictoria.com/companies/united_energy,9,11100000,operational,,
Up Bank,startup,blockchain;commission,https://www.up.com.au/,early stage,2017,1001-5000,fintech,Melbourne,"South Melbourne, Melbourne, City of Port Phillip, Victoria, 3205, Australia","Digital bank simplifying money management with instant notifications, auto spend categorisation, and no monthly fees",https://www.linkedin.com/company/upbanking/,https://ecosystem.innovationvictoria.com/companies/up_bank,3,,acquired,,
Uptick,scaleup,subscription;saas,http://uptickhq.com,breakout stage,2013,51-200,real estate,Melbourne,"Johnston Street, Abbotsford, Melbourne, City of Yarra, Victoria, 3067, Australia","An easy-to-use asset maintenance software for service providers, building owners and managers",https://www.linkedin.com/company/uptickhq/,https://ecosystem.innovationvictoria.com/companies/uptick_1,1,7277273,operational,,
Varden,scaleup,manufacturing,http://varden.com.au,early stage,2015,11-50,energy,Melbourne,"Alliance Ln, 16, Clayton, Victoria 3168, AU",,https://www.linkedin.com/company/varden-process/,https://ecosystem.innovationvictoria.com/companies/varden,1,,operational,,
Velociti Capital,startup,commission,http://velociticapital.com.au,early stage,2025,2-10,fintech,Melbourne,"Melbourne, City of Melbourne, Victoria, Australia","Fast, unsecured business loans for Australian SMEs.",https://www.linkedin.com/company/velociti-capital/,https://ecosystem.innovationvictoria.com/companies/velociti_capital,1,,operational,,
VendorPanel,scaleup,subscription;saas,http://vendorpanel.com,early stage,2008,51-200,fintech;enterprise software,Melbourne,"Trattoria Emilia, 360, Little Collins Street, Melbourne, City of Melbourne, Victoria, 3000, Australia","Cloud-platform enabling organisations to manage sourcing, contracts and procurement from planning through to payment",https://www.linkedin.com/company/vendorpanel/,https://ecosystem.innovationvictoria.com/companies/vendorpanel,1,6650001,acquired,,
VERSA Connects,startup,artificial intelligence;subscription;saas,https://teamversa.ai,early stage,2023,11-50,enterprise software,Melbourne,"South Yarra, Melbourne, City of Stonnington, Victoria, 3141, Australia",Advanced Digital Workforces built on conversational AI,https://www.linkedin.com/company/team-versa-ai/,https://ecosystem.innovationvictoria.com/companies/versa_connects,1,,operational,,
Vertex 360 Software Solutions,startup,subscription;saas,http://vertex360.io,early stage,2020,11-50,legal,Melbourne,"22 - 30, Wallace Avenue, Point Cook, Melbourne, City of Wyndham, Victoria, 3030, Australia","Vertex360 is the best NDIS software for small providers which saves your time by managing, following & reporting on client's budgets & goals",https://www.linkedin.com/company/vertex-360-software-solutions/,https://ecosystem.innovationvictoria.com/companies/vertex_360_software_solutions,1,,operational,,
Vervoe,startup,subscription,http://vervoe.com,early stage,2016,11-50,jobs recruitment,Melbourne,"162, Collins Street, 3000 Melbourne, Australia","An intelligent hiring platform that uncovers hidden talent through real-world tests, tasks and tools designed by leading industry experts",https://www.linkedin.com/company/vervoe-pty-ltd/,https://ecosystem.innovationvictoria.com/companies/vervoe,2,6954545,operational,,
Vesparum Capital,scaleup,commission;saas,http://vesparum.com,early stage,2012,11-50,fintech,Melbourne,"Exhibition Street, 3000 Melbourne, Australia",Optimizing capital raising for public and private companies using proprietary technology,https://www.linkedin.com/company/vesparum/,https://ecosystem.innovationvictoria.com/companies/vesparum_capital,1,,operational,,
Victoria Power Networks | CitiPower and Powercor,,,http://powercor.com.au,late stage,1994,1001-5000,energy,Melbourne,"Melbourne, City of Melbourne, Victoria, Australia","Comprehensive energy solutions for safe, affordable, and reliable power supplies with insights on solar, storage, and electric vehicles",https://www.linkedin.com/company/citipower-and-powercor/,https://ecosystem.innovationvictoria.com/companies/victoria_power_networks_citipower_and_powercor,17,164400,operational,,
Visibuild,startup,subscription;saas,https://visibuild.com,early stage,2021,11-50,real estate;enterprise software,Melbourne,"The Commons, 3, Albert Coates Lane, East End Theatre District, Melbourne, City of Melbourne, Victoria, 3000, Australia",Powering construction through real-time data,https://www.linkedin.com/company/visibuild-pty-ltd/,https://ecosystem.innovationvictoria.com/companies/visibuild,1,6600000,operational,,
Vitrafy Life Sciences,startup,commission;manufacturing,http://vitrafy.com,breakout stage,2018,11-50,health,Melbourne,"96-100, Albert Road, South Melbourne, Melbourne, City of Port Phillip, Victoria, 3205, Australia",Developing cryopreservation solutions for preserving biological materials like blood platelets and cells used in medical treatments,https://www.linkedin.com/company/vitrafy-life-sciences/,https://ecosystem.innovationvictoria.com/companies/vitrafy_life_sciences,2,9723449,operational,,
Vitura Health,startup,commission,https://www.vitura.com.au/,breakout stage,2016,51-200,health,Melbourne,"299, Toorak Road, South Yarra, Melbourne, City of Stonnington, Victoria, 3141, Australia","Medicinal cannabis products and digital health solutions connecting patients, prescribers, pharmacists and suppliers",https://www.linkedin.com/company/viturahealth/,https://ecosystem.innovationvictoria.com/companies/vitura_health,4,,operational,,
Vivi,scaleup,saas,https://www.vivi.io/,breakout stage,2015,201-500,telecom;education,Melbourne,"Oxford Street, South Yarra, Melbourne, City of Stonnington, Victoria, 3141, Australia",Wireless Screen Mirroring for the Modern Classroom,https://www.linkedin.com/company/vivieducation/,https://ecosystem.innovationvictoria.com/companies/vivi_io,6,36171136,operational,,
Vudoo,startup,commission;saas,http://www.vudoo.com,early stage,2016,11-50,media;marketing,Melbourne,"Gipps Street, Collingwood, Melbourne, City of Yarra, Victoria, 3066, Australia",Easy-to-use interactive video platform that turns your videos into high-impact experiences that you can measure and optimise in real time,https://www.linkedin.com/company/vudoo-video/,https://ecosystem.innovationvictoria.com/companies/vudoo_pty_ltd,1,,operational,,
Vurdhaan,startup,advertising,https://vurdhaan.com,early stage,2024,2-10,,Melbourne,"Melbourne, City of Melbourne, Victoria, Australia",,https://www.linkedin.com/company/vurdhaan2/,https://ecosystem.innovationvictoria.com/companies/vurdhaan,1,,operational,,
Vush Stimulation,startup,subscription;marketplace & ecommerce,http://vushstimulation.com,early stage,2021,11-50,wellness beauty,Melbourne,"Melbourne, Australia",Championing pleasure as the next big thing in self care,https://www.linkedin.com/company/vushofficial/,https://ecosystem.innovationvictoria.com/companies/vushstimulation,2,,operational,,
Water Source Australia,scaleup,iot internetofthings,http://watersourceaustralia.com.au,early stage,2010,11-50,,Melbourne,"South Melbourne, Melbourne, City of Port Phillip, Victoria, 3205, Australia",,https://www.linkedin.com/company/water-source-australia-pty-ltd/,https://ecosystem.innovationvictoria.com/companies/water_source_australia,1,,operational,,
Water Technology,,manufacturing,https://www.watertech.com.au,breakout stage,2000,51-200,energy,Melbourne,"Melbourne, City of Melbourne, Victoria, Australia",Specialized consulting for water and environmental challenges,https://www.linkedin.com/company/water-technology-pty-ltd/,https://ecosystem.innovationvictoria.com/companies/water_technology_1,7,,operational,,
Webjet.com.au,,,http://webjet.com.au,early stage,1998,51-200,travel,Melbourne,"509, St Kilda Road, 3004 Melbourne, Australia",Australian-based online travel agency,https://www.linkedin.com/company/webjet-com-au/,https://ecosystem.innovationvictoria.com/companies/webjet_com_au,6,,acquired,,
Wyndham City Council,,advertising,http://wyndham.vic.gov.au,late stage,,1001-5000,real estate,Melbourne,"Werribee, Melbourne, City of Wyndham, Victoria, 3030, Australia","Supporting local businesses, community infrastructure, and environmental sustainability through strategic initiatives and services",https://www.linkedin.com/company/wyndham-city-council/,https://ecosystem.innovationvictoria.com/companies/wyndham_city_council,29,417274,operational,,
Yellowfin,,subscription;saas,http://yellowfinbi.com,early stage,2003,51-200,enterprise software,Melbourne,"3000 Melbourne, Australia",Yellowfin is a leading Business intelligence Software vendor,https://www.linkedin.com/company/yellowfin/,https://ecosystem.innovationvictoria.com/companies/yellowfin_bi,1,,acquired,,
Yo-Chi,scaleup,,https://yochi.com.au/,breakout stage,2012,201-500,food,Melbourne,"Balaclava, Balaclava Walk, Balaclava, Melbourne, City of Port Phillip, Victoria, 3183, Australia","Self-serve natural frozen yogurt experience with diverse toppings, multiple physical locations, and a dedicated club app",https://www.linkedin.com/company/yo-chi-frozen-yogurt/,https://ecosystem.innovationvictoria.com/companies/yo_chi,15,,operational,,
Your Creative,scaleup,advertising;saas,http://yourcreative.com.au,early stage,2015,11-50,marketing,Melbourne,"14 Tripovich St, Brunswick, Victoria 3056, AU",Crafting impactful brands and digital experiences with a design-driven approach in Melbourne,https://www.linkedin.com/company/your-creative/,https://ecosystem.innovationvictoria.com/companies/your_creative,2,,operational,,
Zeller,startup,subscription;saas,https://myzeller.com/,late stage,2020,201-500,fintech,Melbourne,"3000 Melbourne, Australia","Accepting payments, managing finances, and paying recipients made simple",https://www.linkedin.com/company/zeller/,https://ecosystem.innovationvictoria.com/companies/zeller,5,189254543,operational,,
zenphi,startup,subscription;saas,http://zenphi.com,early stage,2020,11-50,enterprise software,Melbourne,"530, Little Collins Street, 3000 Melbourne, Australia",Enables  to automate  business processes in no time,https://www.linkedin.com/company/zenphi-co/,https://ecosystem.innovationvictoria.com/companies/zenphi,2,,operational,,
Zipline,startup,subscription;saas,http://zipline.io,breakout stage,2016,51-200,legal;enterprise software,Melbourne,"180, Flinders Street, East End Theatre District, Melbourne, City of Melbourne, Victoria, 3000, Australia","Building the world’s easiest, and most impactful, customer experience management platform",https://www.linkedin.com/company/zipline-io/,https://ecosystem.innovationvictoria.com/companies/rateit,17,29189546,operational,,
Zitcha,startup,commission;saas,https://www.zitcha.com/,breakout stage,2022,51-200,media,Melbourne,"116, Chapel Street, Windsor, Melbourne, City of Stonnington, Victoria, 3181, Australia","Omnichannel Retail Media Platform - bringing together Onsite, Offsite and In-store channels",https://www.linkedin.com/company/zitcha/,https://ecosystem.innovationvictoria.com/companies/zitcha,4,19700000,operational,,
Zyft,startup,advertising;marketplace & ecommerce,https://zyft.com/,early stage,2018,11-50,marketing,Melbourne,"24-28, Riddell Parade, Elsternwick, Melbourne, City of Glen Eira, Victoria, 3185, Australia","Compare prices in real-time from over 50,000 Australian retailers and start saving",https://www.linkedin.com/company/zyft-ai/,https://ecosystem.innovationvictoria.com/companies/zyft,1,7500001,operational,,
